,index,cycletime(s), totalflow(Veh/h),flow(1),flow(2),flow(3),flow(4),losttime(s),green_time(1),green_time(2),green_time(3),green_time(4),avgdelay,stopsPerVehicle,stopDelay,emissionsco,fuelconsumption,stdev_delay,avg_qlen,gt1,gt2,gt3,gt4
1,26,60,1260,126,504,126,504,4,9.6,26.4,9.6,26.4,12.14798134,0.430877654,7.739655337,2.712826059,0.038810101,11.66605969,2.900401513,#REF!,#REF!,#REF!,#REF!
14,11,55,1260,315,315,315,315,4,16.75,16.75,16.75,16.75,13.74102367,0.564276958,8.304663363,2.755657643,0.039422856,10.80411867,2.930855915,#REF!,#REF!,#REF!,#REF!
39,17,55,1260,126,126,504,504,4,16.75,16.75,16.75,16.75,15.13678193,0.623786408,9.030979482,2.972236424,0.042521265,10.45667196,3.939909713,#REF!,#REF!,#REF!,#REF!
208,19,55,1260,126,126,126,882,4,16.75,16.75,16.75,16.75,25.66401648,1.03448493,16.15096028,4.632440596,0.066272398,17.49200416,8.679508201,#REF!,#REF!,#REF!,#REF!
7,4,50,1260,252,378,252,378,4,13.2,17.8,13.2,17.8,13.17876728,0.563034138,7.729566993,2.575162296,0.036840662,9.275768009,2.665594471,#REF!,#REF!,#REF!,#REF!
22,9,50,1260,252,252,630,126,4,15.5,15.5,15.5,15.5,14.14729109,0.650758534,7.874617614,2.52760373,0.036160282,9.358870215,2.749548681,#REF!,#REF!,#REF!,#REF!
5,278,60,1260,126,504,126,504,8,13.2,28.8,13.2,28.8,12.76675234,0.448416972,8.264734806,2.821657288,0.040367057,11.6571384,3.104265216,#REF!,#REF!,#REF!,#REF!
19,264,55,1260,315,315,315,315,8,19.75,19.75,19.75,19.75,14.02058552,0.548010515,8.648455671,2.871634414,0.041082037,10.6912486,3.156716191,#REF!,#REF!,#REF!,#REF!
178,271,55,1260,126,126,126,882,8,19.75,19.75,19.75,19.75,22.92819005,0.92372648,14.58640007,4.228287709,0.060490525,17.32346726,7.643336662,#REF!,#REF!,#REF!,#REF!
15,256,50,1260,252,378,252,378,8,16.4,20.6,16.4,20.6,13.80729215,0.593711244,8.143319179,2.643906204,0.037824123,9.995683369,2.939677474,#REF!,#REF!,#REF!,#REF!
56,261,50,1260,252,252,630,126,8,18.5,18.5,18.5,18.5,15.83484218,0.723543793,8.925002209,2.786380578,0.039862383,9.807845034,3.283549777,#REF!,#REF!,#REF!,#REF!
68,257,50,1260,126,126,504,504,8,18.5,18.5,18.5,18.5,16.21666292,0.706200719,9.512280818,2.914645971,0.041697367,10.16473913,3.737477678,#REF!,#REF!,#REF!,#REF!
8,530,60,1260,126,504,126,504,12,16.8,31.2,16.8,31.2,13.26601467,0.462621462,8.398728121,2.879202718,0.041190311,11.70364275,3.226764043,#REF!,#REF!,#REF!,#REF!
81,533,60,1260,126,126,504,504,12,24,24,24,24,16.60424404,0.667309211,10.08899265,3.164170739,0.045267106,10.4876127,4.445243483,#REF!,#REF!,#REF!,#REF!
221,523,55,1260,126,126,126,882,12,22.75,22.75,22.75,22.75,28.1316311,1.122115857,18.24732877,4.675959637,0.066894988,24.26568653,9.44101042,#REF!,#REF!,#REF!,#REF!
26,504,50,1260,315,315,315,315,12,21.5,21.5,21.5,21.5,14.63095922,0.619775295,8.794583074,2.664800324,0.038123038,9.505486401,2.945918085,#REF!,#REF!,#REF!,#REF!
28,507,50,1260,252,378,252,378,12,21.5,21.5,21.5,21.5,14.73271824,0.65132625,8.611479593,2.841706745,0.040653888,9.905280803,3.264055807,#REF!,#REF!,#REF!,#REF!
74,513,50,1260,252,252,630,126,12,21.5,21.5,21.5,21.5,16.31780301,0.742059949,9.315020839,2.872916068,0.041100373,10.00661352,3.52793314,#REF!,#REF!,#REF!,#REF!
10,782,60,1260,126,504,126,504,16,20.4,33.6,20.4,33.6,13.30803541,0.461264319,8.39520614,2.876668623,0.041154058,11.69094144,3.230483188,#REF!,#REF!,#REF!,#REF!
89,785,60,1260,126,126,504,504,16,27,27,27,27,16.92990899,0.68040957,10.21794574,3.184949736,0.045564374,10.66732686,4.61352068,#REF!,#REF!,#REF!,#REF!
312,787,60,1260,126,126,126,882,16,27,27,27,27,34.86370815,1.280953165,23.34811574,6.28889659,0.089969908,28.93398685,13.8551816,#REF!,#REF!,#REF!,#REF!
27,759,50,1260,252,378,252,378,16,24.5,24.5,24.5,24.5,14.69799476,0.646632231,8.576820369,2.872945844,0.041100799,9.379375022,3.309469053,#REF!,#REF!,#REF!,#REF!
32,756,50,1260,315,315,315,315,16,24.5,24.5,24.5,24.5,14.845363,0.625693551,8.911562832,2.712186838,0.038800956,9.499130338,3.095914078,#REF!,#REF!,#REF!,#REF!
86,765,50,1260,252,252,630,126,16,24.5,24.5,24.5,24.5,16.72331545,0.750196657,9.627407294,2.867182765,0.041018351,10.13127087,3.539271573,#REF!,#REF!,#REF!,#REF!
24,1034,60,1260,126,504,126,504,20,24,36,24,36,14.48432676,0.524431319,9.088589287,2.999263367,0.042907917,11.89508647,3.512399695,#REF!,#REF!,#REF!,#REF!
99,1037,60,1260,126,126,504,504,20,30,30,30,30,17.32923252,0.699996184,10.47129003,3.280140471,0.046926187,10.60231075,4.503285257,#REF!,#REF!,#REF!,#REF!
327,1039,60,1260,126,126,126,882,20,30,30,30,30,35.58285498,1.219280323,24.42507884,6.293188028,0.090031302,30.57556334,14.21632963,#REF!,#REF!,#REF!,#REF!
36,1011,50,1260,252,378,252,378,20,27.5,27.5,27.5,27.5,15.07395228,0.643321287,8.789305751,2.894536592,0.041409679,9.967311452,3.629325109,#REF!,#REF!,#REF!,#REF!
43,1007,50,1260,315,315,315,315,20,27.5,27.5,27.5,27.5,15.45885173,0.672892962,9.093021414,2.729946871,0.039055034,10.86131892,3.318143345,#REF!,#REF!,#REF!,#REF!
90,1017,50,1260,252,252,630,126,20,27.5,27.5,27.5,27.5,17.05095051,0.757884294,9.846771536,2.895837388,0.041428289,10.39586712,3.688328531,#REF!,#REF!,#REF!,#REF!
365,1351,85,1260,126,126,126,882,24,39.25,39.25,39.25,39.25,37.94792775,1.136931818,27.34657895,5.955534859,0.085200785,29.18878792,12.8590363,#REF!,#REF!,#REF!,#REF!
72,1286,60,1260,126,504,126,504,24,27.6,38.4,27.6,38.4,16.26637885,0.588608225,10.30737055,3.176834876,0.045448281,12.50563557,4.054402502,#REF!,#REF!,#REF!,#REF!
92,1277,55,1260,126,126,504,504,24,31.75,31.75,31.75,31.75,17.13109079,0.68797808,10.30162061,3.19061114,0.045645367,10.97245797,4.525418904,#REF!,#REF!,#REF!,#REF!
58,1263,50,1260,252,378,252,378,24,30.5,30.5,30.5,30.5,15.84253918,0.655643349,9.32145657,2.969230909,0.042478268,10.57888029,3.99923007,#REF!,#REF!,#REF!,#REF!
80,1260,50,1260,315,315,315,315,24,30.5,30.5,30.5,30.5,16.58713374,0.687000312,10.16537133,2.913375583,0.041679193,10.64130427,3.628633673,#REF!,#REF!,#REF!,#REF!
124,1269,50,1260,252,252,630,126,24,30.5,30.5,30.5,30.5,18.42479027,0.782564265,10.83597363,3.058006656,0.043748307,11.38785724,4.282759766,#REF!,#REF!,#REF!,#REF!
422,1627,95,1260,126,126,126,882,28,44.75,44.75,44.75,44.75,42.30232686,1.078842959,32.50425792,5.963361397,0.085312752,40.51034649,14.61202226,#REF!,#REF!,#REF!,#REF!
71,1537,60,1260,126,504,126,504,28,36,36,36,36,16.2508262,0.591542304,10.25264153,3.771882766,0.053961127,11.36973716,4.982575305,#REF!,#REF!,#REF!,#REF!
126,1541,60,1260,126,126,504,504,28,36,36,36,36,18.57620652,0.726262283,11.34842089,3.460622312,0.049508188,11.94864166,5.069222915,#REF!,#REF!,#REF!,#REF!
82,1515,50,1260,252,378,252,378,28,33.5,33.5,33.5,33.5,16.62895464,0.677949853,9.817299356,3.070307375,0.043924283,11.02183883,4.310991301,#REF!,#REF!,#REF!,#REF!
97,1512,50,1260,315,315,315,315,28,33.5,33.5,33.5,33.5,17.29880406,0.714477902,10.67974698,2.971138003,0.042505551,11.43321101,3.892882704,#REF!,#REF!,#REF!,#REF!
167,1521,50,1260,252,252,630,126,28,33.5,33.5,33.5,33.5,21.37448596,0.875375755,12.78672219,3.467858413,0.049611708,13.22083789,5.803667666,#REF!,#REF!,#REF!,#REF!
2,1765,50,1440,144,576,144,576,4,15.5,15.5,15.5,15.5,12.16917005,0.521869266,6.929277,3.232358051,0.046242604,10.06573626,3.743637253,#REF!,#REF!,#REF!,#REF!
9,1767,50,1440,288,432,288,432,4,15.5,15.5,15.5,15.5,13.28293484,0.587854088,7.735473465,3.032015444,0.043376473,7.514259921,3.379812996,#REF!,#REF!,#REF!,#REF!
13,1764,50,1440,360,360,360,360,4,15.5,15.5,15.5,15.5,13.69354641,0.601170184,7.97462157,2.938534987,0.042039127,8.721527075,3.347662481,#REF!,#REF!,#REF!,#REF!
40,1769,50,1440,144,144,576,576,4,15.5,15.5,15.5,15.5,15.15282222,0.674663407,8.654623129,3.112565285,0.044528831,8.73898545,3.952102803,#REF!,#REF!,#REF!,#REF!
52,1774,50,1440,288,288,720,144,4,13.2,13.2,27,8.6,15.72178845,0.689734648,8.720631351,4.422847488,0.063273927,10.36883075,4.894518794,#REF!,#REF!,#REF!,#REF!
258,1771,50,1440,144,144,144,1008,4,15.5,15.5,15.5,15.5,31.0810313,1.201408183,19.78439504,5.622097549,0.08043058,27.70873013,14.04800635,#REF!,#REF!,#REF!,#REF!
3,2017,50,1440,144,576,144,576,8,18.5,18.5,18.5,18.5,12.511643,0.51930166,7.205818053,3.230997569,0.046223141,10.05967585,3.77434765,#REF!,#REF!,#REF!,#REF!
12,2019,50,1440,288,432,288,432,8,18.5,18.5,18.5,18.5,13.66941131,0.603006362,7.896651712,3.142505383,0.044957159,7.562652257,3.646684459,#REF!,#REF!,#REF!,#REF!
16,2016,50,1440,360,360,360,360,8,18.5,18.5,18.5,18.5,13.81729443,0.598571684,8.038623395,3.011596578,0.043084357,8.828312949,3.506431444,#REF!,#REF!,#REF!,#REF!
51,2021,50,1440,144,144,576,576,8,18.5,18.5,18.5,18.5,15.70986047,0.687346037,9.0728865,3.198234778,0.045754432,8.834607279,4.197673823,#REF!,#REF!,#REF!,#REF!
136,2025,50,1440,288,288,720,144,8,18.5,18.5,18.5,18.5,19.07723073,0.841184807,11.09287739,3.718863823,0.05320263,10.42961719,5.512999675,#REF!,#REF!,#REF!,#REF!
319,2023,50,1440,144,144,144,1008,8,18.5,18.5,18.5,18.5,35.08365056,1.395006676,22.53357302,5.735904272,0.082058716,32.14124536,14.6974981,#REF!,#REF!,#REF!,#REF!
4,2269,50,1440,144,576,144,576,12,21.5,21.5,21.5,21.5,12.58423034,0.521879078,7.183735877,3.324320001,0.047558226,9.461196485,3.894673058,#REF!,#REF!,#REF!,#REF!
35,2268,50,1440,360,360,360,360,12,21.5,21.5,21.5,21.5,15.0718983,0.633572653,8.924103902,3.169929012,0.045349485,8.695910244,3.945390075,#REF!,#REF!,#REF!,#REF!
41,2271,50,1440,288,432,288,432,12,21.5,21.5,21.5,21.5,15.15614563,0.640077322,9.088997621,3.259885732,0.04663642,9.75835355,4.296597588,#REF!,#REF!,#REF!,#REF!
62,2273,50,1440,144,144,576,576,12,21.5,21.5,21.5,21.5,15.93117481,0.689811516,9.265549463,3.200199048,0.045782533,8.855983676,4.274365484,#REF!,#REF!,#REF!,#REF!
104,2278,50,1440,288,288,720,144,12,19.6,19.6,31,15.8,17.51702383,0.732920349,10.03266255,4.154653748,0.059437107,10.8777432,5.353655698,#REF!,#REF!,#REF!,#REF!
355,2275,50,1440,144,144,144,1008,12,21.5,21.5,21.5,21.5,36.91611965,1.407804138,24.62390266,5.957838197,0.085233737,35.33241483,14.63227002,#REF!,#REF!,#REF!,#REF!
20,51,50,1440,144,576,144,576,16,19.4,29.6,19.4,29.6,14.11514672,0.571514361,8.428655055,3.16176783,0.04523273,10.67504362,3.716038179,#REF!,#REF!,#REF!,#REF!
31,49,50,1440,360,360,360,360,16,24.5,24.5,24.5,24.5,14.83334618,0.619489778,8.677782827,3.168366895,0.045327137,8.838337495,3.966502105,#REF!,#REF!,#REF!,#REF!
37,52,50,1440,288,432,288,432,16,24.5,24.5,24.5,24.5,15.08146921,0.633978159,8.958672511,3.255744012,0.046577168,9.29147059,4.323592458,#REF!,#REF!,#REF!,#REF!
103,54,50,1440,144,144,576,576,16,24.5,24.5,24.5,24.5,17.49025845,0.732212732,10.31981179,3.471220361,0.049659805,10.13757055,5.081593402,#REF!,#REF!,#REF!,#REF!
145,58,50,1440,288,288,720,144,16,24.5,24.5,24.5,24.5,20.01283707,0.876339286,11.73910492,3.717825572,0.053187776,10.80996205,5.558131496,#REF!,#REF!,#REF!,#REF!
301,56,50,1440,144,144,144,1008,16,24.5,24.5,24.5,24.5,33.84382122,1.294434915,21.41071877,5.766731204,0.082499731,29.89329733,14.29669395,#REF!,#REF!,#REF!,#REF!
389,404,90,1440,144,144,144,1008,20,37.5,37.5,37.5,37.5,39.59035493,1.091591334,29.75794803,5.924295874,0.084753875,35.63757515,15.25911898,#REF!,#REF!,#REF!,#REF!
165,318,55,1440,144,144,576,576,20,28.75,28.75,28.75,28.75,21.29301703,0.861893636,12.8208185,4.035238052,0.057728727,12.59720259,6.89688054,#REF!,#REF!,#REF!,#REF!
25,303,50,1440,144,576,144,576,20,23,32,23,32,14.56572803,0.585321013,8.632503915,3.263995076,0.046695209,10.47488817,4.130465128,#REF!,#REF!,#REF!,#REF!
48,305,50,1440,288,432,288,432,20,26,29,26,29,15.64764781,0.657989654,9.185246944,3.118056897,0.044607395,9.086167331,3.821923415,#REF!,#REF!,#REF!,#REF!
49,301,50,1440,360,360,360,360,20,27.5,27.5,27.5,27.5,15.65581252,0.65947476,9.159391029,3.177911247,0.04546368,9.780527935,4.029428869,#REF!,#REF!,#REF!,#REF!
158,310,50,1440,288,288,720,144,20,27.5,27.5,27.5,27.5,20.70636009,0.902249858,12.13702493,3.800425724,0.054369467,10.5604086,5.907938509,#REF!,#REF!,#REF!,#REF!
34,555,50,1440,144,576,144,576,24,26.6,34.4,26.6,34.4,15.05792559,0.593088868,8.880634053,3.157694253,0.045174453,10.32224218,3.971340666,#REF!,#REF!,#REF!,#REF!
54,553,50,1440,360,360,360,360,24,30.5,30.5,30.5,30.5,15.77761552,0.66409225,9.163057524,3.268148491,0.046754628,9.697251808,4.166868234,#REF!,#REF!,#REF!,#REF!
76,557,50,1440,288,432,288,432,24,29.2,31.8,29.2,31.8,16.3831577,0.674266049,9.726253668,3.203201738,0.04582549,9.163307216,4.115370578,#REF!,#REF!,#REF!,#REF!
154,558,50,1440,144,144,576,576,24,30.5,30.5,30.5,30.5,20.56743305,0.818119597,12.48455684,3.971405232,0.056815525,12.28771503,6.379125805,#REF!,#REF!,#REF!,#REF!
174,562,50,1440,288,288,720,144,24,30.5,30.5,30.5,30.5,22.24555953,0.961437075,13.20321167,3.978966973,0.056923705,11.34654526,6.330647618,#REF!,#REF!,#REF!,#REF!
392,560,50,1440,144,144,144,1008,24,30.5,30.5,30.5,30.5,39.7432298,1.41842727,27.08339932,6.133222175,0.087742807,34.79362771,15.5547841,#REF!,#REF!,#REF!,#REF!
423,896,85,1440,144,144,144,1008,28,42.25,42.25,42.25,42.25,42.4395728,1.13092931,31.65613637,6.772093896,0.096882602,31.63123244,15.23796608,#REF!,#REF!,#REF!,#REF!
227,862,70,1440,288,288,720,144,28,38.5,38.5,38.5,38.5,29.10686984,0.972444194,20.24076264,5.231493562,0.07484254,17.60515957,10.39385318,#REF!,#REF!,#REF!,#REF!
205,846,65,1440,144,144,576,576,28,37.25,37.25,37.25,37.25,25.5109268,0.867217326,17.24564043,4.646399119,0.06647209,15.45410227,8.410032221,#REF!,#REF!,#REF!,#REF!
84,805,50,1440,360,360,360,360,28,33.5,33.5,33.5,33.5,16.66607335,0.683389742,9.832740498,3.505773914,0.050154133,9.63090096,4.737222729,#REF!,#REF!,#REF!,#REF!
98,807,50,1440,144,576,144,576,28,30.2,36.8,30.2,36.8,17.30568071,0.667623311,10.57205947,3.485719528,0.049867232,12.60306774,4.946976103,#REF!,#REF!,#REF!,#REF!
117,808,50,1440,288,432,288,432,28,33.5,33.5,33.5,33.5,18.16536709,0.743543892,10.85911274,3.85187507,0.055105509,9.698587338,5.654417145,#REF!,#REF!,#REF!,#REF!
23,1084,60,1620,324,486,324,486,4,18,18,18,18,14.27571038,0.562576259,8.929992667,3.909631362,0.055931779,10.37860005,5.448117737,#REF!,#REF!,#REF!,#REF!
29,1069,55,1620,405,405,405,405,4,16.75,16.75,16.75,16.75,14.7743536,0.619403282,8.626931743,3.609322292,0.051635512,9.175328457,4.804439046,#REF!,#REF!,#REF!,#REF!
0,1059,50,1620,162,648,162,648,4,8.6,22.4,8.6,22.4,12.09519619,0.511878518,6.790374112,3.254823454,0.046563998,8.863362771,3.510720126,#REF!,#REF!,#REF!,#REF!
135,1062,50,1620,162,162,648,648,4,15.5,15.5,15.5,15.5,19.04013308,0.829189015,11.10817584,3.92597483,0.056165591,10.42510958,6.222223757,#REF!,#REF!,#REF!,#REF!
172,1066,50,1620,324,324,810,162,4,15.5,15.5,15.5,15.5,21.96744521,0.96507579,12.96749765,4.435596804,0.063456321,13.96528827,7.847788949,#REF!,#REF!,#REF!,#REF!
293,1064,50,1620,162,162,162,1134,4,15.5,15.5,15.5,15.5,33.47717635,1.30773018,20.97216613,5.93475363,0.084903485,29.12088516,14.92392677,#REF!,#REF!,#REF!,#REF!
33,1336,60,1620,324,486,324,486,8,21,21,21,21,14.863806,0.580731303,9.276577806,4.025019856,0.057582544,10.67261775,5.880880737,#REF!,#REF!,#REF!,#REF!
42,1321,55,1620,405,405,405,405,8,19.75,19.75,19.75,19.75,15.21431412,0.634912541,8.948486767,3.691991334,0.052818188,9.202456203,4.968453225,#REF!,#REF!,#REF!,#REF!
160,1330,55,1620,324,324,810,162,8,19.75,19.75,19.75,19.75,20.97337432,0.838298834,13.0071316,4.210688398,0.060238747,15.25831134,7.439117317,#REF!,#REF!,#REF!,#REF!
6,1311,50,1620,162,648,162,648,8,12.2,24.8,12.2,24.8,13.12467346,0.553803743,7.564081795,3.375276793,0.048287222,9.80857702,3.71327127,#REF!,#REF!,#REF!,#REF!
108,1314,50,1620,162,162,648,648,8,18.5,18.5,18.5,18.5,17.84250225,0.789971454,10.21018595,3.730180475,0.053364528,8.988377733,5.556411788,#REF!,#REF!,#REF!,#REF!
295,1316,50,1620,162,162,162,1134,8,18.5,18.5,18.5,18.5,33.53463716,1.263110649,21.81555087,6.220062114,0.088985152,30.76544771,15.24539344,#REF!,#REF!,#REF!,#REF!
57,39,60,1620,324,486,324,486,12,24,24,24,24,15.8372489,0.603078824,10.06596761,4.143269977,0.059274249,11.41664843,6.187946325,#REF!,#REF!,#REF!,#REF!
65,24,55,1620,405,405,405,405,12,22.75,22.75,22.75,22.75,16.0568253,0.66389115,9.569452622,3.790391485,0.054225915,10.17533715,5.404609051,#REF!,#REF!,#REF!,#REF!
152,29,55,1620,162,162,648,648,12,22.75,22.75,22.75,22.75,20.30358984,0.847452904,12.26165748,4.294093326,0.06143195,11.77050478,7.121299111,#REF!,#REF!,#REF!,#REF!
11,14,50,1620,162,648,162,648,12,15.8,27.2,15.8,27.2,13.40340805,0.551234246,7.62371138,3.297281539,0.04717141,9.407546877,3.913035516,#REF!,#REF!,#REF!,#REF!
198,21,50,1620,324,324,810,162,12,21.5,21.5,21.5,21.5,24.84043359,1.06420165,15.07605707,4.819983713,0.068955418,15.42586401,8.749427055,#REF!,#REF!,#REF!,#REF!
345,19,50,1620,162,162,162,1134,12,21.5,21.5,21.5,21.5,36.51132007,1.363149698,24.24468827,6.277623177,0.089808629,31.42218038,14.77227087,#REF!,#REF!,#REF!,#REF!
46,291,60,1620,324,486,324,486,16,27,27,27,27,15.61640423,0.587183432,9.852688214,4.197772756,0.060053974,10.9134279,6.0208657,#REF!,#REF!,#REF!,#REF!
66,276,55,1620,405,405,405,405,16,25.75,25.75,25.75,25.75,16.11070328,0.660339224,9.507873408,3.832579247,0.05482946,10.11262532,5.556428757,#REF!,#REF!,#REF!,#REF!
157,281,55,1620,162,162,648,648,16,25.75,25.75,25.75,25.75,20.66805841,0.832793464,12.64018593,4.431352913,0.063395607,11.74116412,7.261292312,#REF!,#REF!,#REF!,#REF!
225,285,55,1620,324,324,810,162,16,25.75,25.75,25.75,25.75,28.75473718,1.125455233,17.87078577,5.433293984,0.077729528,18.5098745,10.44993057,#REF!,#REF!,#REF!,#REF!
18,266,50,1620,162,648,162,648,16,19.4,29.6,19.4,29.6,13.90736654,0.553581587,7.994010724,3.363830939,0.048123476,9.787063768,4.033056815,#REF!,#REF!,#REF!,#REF!
326,271,50,1620,162,162,162,1134,16,24.5,24.5,24.5,24.5,35.54863782,1.312352534,22.77983201,6.107466916,0.087374348,31.16948421,15.35571869,#REF!,#REF!,#REF!,#REF!
73,543,60,1620,324,486,324,486,20,30,30,30,30,16.29788713,0.603633744,10.26656078,4.210926928,0.060242159,11.06783494,6.095240784,#REF!,#REF!,#REF!,#REF!
87,528,55,1620,405,405,405,405,20,28.75,28.75,28.75,28.75,16.80960752,0.685650872,9.930239197,3.92241651,0.056114685,10.76879987,5.72284947,#REF!,#REF!,#REF!,#REF!
186,533,55,1620,162,162,648,648,20,28.75,28.75,28.75,28.75,23.63324193,0.950287826,14.65000302,4.990743728,0.071398337,13.10193037,8.659828776,#REF!,#REF!,#REF!,#REF!
274,537,55,1620,324,324,810,162,20,28.75,28.75,28.75,28.75,31.95459514,1.216810967,20.43995741,5.959951611,0.085263972,22.6389464,12.34946075,#REF!,#REF!,#REF!,#REF!
63,518,50,1620,162,648,162,648,20,23,32,23,32,15.97156501,0.636404836,9.575751791,3.485202218,0.049859831,10.24603613,4.57118925,#REF!,#REF!,#REF!,#REF!
362,523,50,1620,162,162,162,1134,20,27.5,27.5,27.5,27.5,37.79693259,1.296024531,25.51456314,6.359512631,0.090980152,37.76919422,15.83249864,#REF!,#REF!,#REF!,#REF!
110,780,55,1620,405,405,405,405,24,31.75,31.75,31.75,31.75,17.98487007,0.756342074,10.88409109,4.115323038,0.058874435,11.35189129,6.153529698,#REF!,#REF!,#REF!,#REF!
215,785,55,1620,162,162,648,648,24,31.75,31.75,31.75,31.75,26.87366566,1.041404612,17.12557283,5.381122697,0.076983157,14.90899255,9.95459018,#REF!,#REF!,#REF!,#REF!
282,789,55,1620,324,324,810,162,24,31.75,31.75,31.75,31.75,32.8886833,1.284342264,20.8815882,6.117423013,0.087516781,22.73177835,12.88548166,#REF!,#REF!,#REF!,#REF!
96,772,50,1620,324,486,324,486,24,29.2,31.8,29.2,31.8,17.2851766,0.708705577,10.31804187,3.802107726,0.05439353,9.430121248,5.492366393,#REF!,#REF!,#REF!,#REF!
107,770,50,1620,162,648,162,648,24,26.6,34.4,26.6,34.4,17.72889002,0.731444969,10.45722891,3.885141373,0.055581422,10.20681271,5.496452826,#REF!,#REF!,#REF!,#REF!
396,775,50,1620,162,162,162,1134,24,30.5,30.5,30.5,30.5,40.12635324,1.439369769,26.44342502,6.365497697,0.091065775,37.93279489,15.86134238,#REF!,#REF!,#REF!,#REF!
399,148,90,1620,162,162,162,1134,28,43.5,43.5,43.5,43.5,40.28974304,1.024107853,30.37522016,6.508951433,0.093118046,34.33086681,16.8777974,#REF!,#REF!,#REF!,#REF!
127,72,60,1620,324,486,324,486,28,36,36,36,36,18.68195964,0.698949736,11.95780456,4.709818076,0.067379372,12.58881579,7.031482665,#REF!,#REF!,#REF!,#REF!
241,74,60,1620,162,162,648,648,28,36,36,36,36,30.27878286,1.154326771,19.56175827,5.980956777,0.085564475,15.12609453,11.62111938,#REF!,#REF!,#REF!,#REF!
118,56,55,1620,405,405,405,405,28,34.75,34.75,34.75,34.75,18.20266339,0.760686456,10.91369887,4.261085634,0.060959737,10.38066321,6.316844401,#REF!,#REF!,#REF!,#REF!
119,59,55,1620,162,648,162,648,28,30.7,38.8,30.7,38.8,18.24461279,0.702952848,11.00967143,4.251708259,0.060825583,12.55704846,6.236098395,#REF!,#REF!,#REF!,#REF!
426,66,55,1620,324,324,810,162,28,34.75,34.75,34.75,34.75,42.629737,1.643016418,26.81003141,7.046935689,0.100814531,28.84499323,17.20599908,#REF!,#REF!,#REF!,#REF!
30,324,60,1800,360,540,360,540,4,18,18,18,18,14.79138426,0.580147199,8.896768874,4.497431149,0.064340932,10.85310531,6.510613408,#REF!,#REF!,#REF!,#REF!
290,328,60,1800,180,180,180,1260,4,18,18,18,18,33.20306058,1.276752532,21.82620354,6.560390438,0.09385394,28.51218715,15.31424202,#REF!,#REF!,#REF!,#REF!
44,309,55,1800,450,450,450,450,4,16.75,16.75,16.75,16.75,15.52338176,0.638623813,9.336892742,3.976742369,0.056891879,10.15253608,5.98861237,#REF!,#REF!,#REF!,#REF!
17,299,50,1800,180,720,180,720,4,8.6,22.4,8.6,22.4,13.86852057,0.591182741,7.964195578,3.682909765,0.052688266,10.39573606,4.731405706,#REF!,#REF!,#REF!,#REF!
161,302,50,1800,180,180,720,720,4,15.5,15.5,15.5,15.5,21.06070001,0.919562479,12.243348,4.694134997,0.067155007,10.65717127,7.955866839,#REF!,#REF!,#REF!,#REF!
182,306,50,1800,360,360,900,180,4,15.5,15.5,15.5,15.5,23.16067009,1.015278915,13.07356895,5.017131851,0.071775849,15.36632663,9.325638431,#REF!,#REF!,#REF!,#REF!
38,563,55,1800,180,720,180,720,8,12.7,26.8,12.7,26.8,15.08477583,0.628999942,8.881640336,4.313519917,0.06170987,10.52236819,5.837534609,#REF!,#REF!,#REF!,#REF!
59,561,55,1800,450,450,450,450,8,19.75,19.75,19.75,19.75,15.84299104,0.64874454,9.50792336,4.063961372,0.058139648,10.31062879,6.008112979,#REF!,#REF!,#REF!,#REF!
60,552,50,1800,360,540,360,540,8,18.5,18.5,18.5,18.5,15.86182999,0.687682475,9.223049866,4.100617262,0.058664052,9.525426879,5.847335709,#REF!,#REF!,#REF!,#REF!
177,554,50,1800,180,180,720,720,8,18.5,18.5,18.5,18.5,22.38681633,0.964886008,13.23593238,4.999228004,0.071519714,12.12269778,9.051499085,#REF!,#REF!,#REF!,#REF!
210,558,50,1800,360,360,900,180,8,18.5,18.5,18.5,18.5,26.04243755,1.09134417,15.60403203,5.354334313,0.076599919,17.86336257,10.57965963,#REF!,#REF!,#REF!,#REF!
298,556,50,1800,180,180,180,1260,8,18.5,18.5,18.5,18.5,33.79522569,1.285960109,21.78615959,6.325492383,0.090493453,29.25954911,15.25231507,#REF!,#REF!,#REF!,#REF!
64,829,60,1800,360,540,360,540,12,21.6,26.4,21.6,26.4,16.05487262,0.616630756,9.864943854,4.246687794,0.06075376,9.916287115,6.572559539,#REF!,#REF!,#REF!,#REF!
202,830,60,1800,180,180,720,720,12,24,24,24,24,25.30404813,0.967417433,16.25898281,5.458291316,0.078087143,12.75566788,10.23201128,#REF!,#REF!,#REF!,#REF!
294,832,60,1800,180,180,180,1260,12,24,24,24,24,33.52566787,1.159800813,23.11766845,6.451529692,0.092296562,26.99602793,15.41835736,#REF!,#REF!,#REF!,#REF!
55,813,55,1800,450,450,450,450,12,22.75,22.75,22.75,22.75,15.78772923,0.631495849,9.518462519,4.122662538,0.058979435,10.50674668,6.279374694,#REF!,#REF!,#REF!,#REF!
273,822,55,1800,360,360,900,180,12,22.75,22.75,22.75,22.75,31.8475772,1.240540474,19.56133817,6.649563461,0.095129663,20.42212125,13.83129471,#REF!,#REF!,#REF!,#REF!
45,803,50,1800,180,720,180,720,12,15.8,27.2,15.8,27.2,15.6138424,0.658815644,9.066671868,3.883985937,0.055564892,10.5085451,5.42387994,#REF!,#REF!,#REF!,#REF!
88,183,60,1800,360,540,360,540,16,24.8,29.2,24.8,29.2,16.86219325,0.632999243,10.50811108,4.269189985,0.061075679,10.38483974,6.733029815,#REF!,#REF!,#REF!,#REF!
207,184,60,1800,180,180,720,720,16,27,27,27,27,25.61397773,0.976750282,16.50380578,5.566321228,0.079632636,12.95622171,10.37974445,#REF!,#REF!,#REF!,#REF!
328,186,60,1800,180,180,180,1260,16,27,27,27,27,35.59788635,1.2444768,23.91528331,6.35775928,0.090955068,30.31017284,15.54934921,#REF!,#REF!,#REF!,#REF!
83,167,55,1800,450,450,450,450,16,25.75,25.75,25.75,25.75,16.64917774,0.659202166,10.09964654,4.21102168,0.060243515,11.29193434,6.448815029,#REF!,#REF!,#REF!,#REF!
79,157,50,1800,180,720,180,720,16,19.4,29.6,19.4,29.6,16.55450262,0.707124022,9.603849433,4.077563615,0.058334243,11.02794821,5.934476209,#REF!,#REF!,#REF!,#REF!
384,164,50,1800,360,360,900,180,16,24.5,24.5,24.5,24.5,39.30676304,1.624860763,24.09070771,6.691318102,0.095727011,26.71766841,17.82666964,#REF!,#REF!,#REF!,#REF!
101,435,60,1800,360,540,360,540,20,28,32,28,32,17.42871914,0.651891806,10.82615396,4.313235661,0.061705803,10.55224999,6.822147279,#REF!,#REF!,#REF!,#REF!
100,419,55,1800,450,450,450,450,20,28.75,28.75,28.75,28.75,17.34643218,0.684518015,10.40883911,4.287953022,0.061344106,11.0379264,6.565227929,#REF!,#REF!,#REF!,#REF!
94,409,50,1800,180,720,180,720,20,23,32,23,32,17.19051948,0.70753277,10.07585429,4.150995399,0.05938477,10.86765535,6.467837091,#REF!,#REF!,#REF!,#REF!
299,412,50,1800,180,180,720,720,20,27.5,27.5,27.5,27.5,33.8125729,1.377403056,21.27465757,6.572096192,0.094021405,22.56457934,15.85579018,#REF!,#REF!,#REF!,#REF!
359,414,50,1800,180,180,180,1260,20,27.5,27.5,27.5,27.5,37.40091859,1.442307692,24.19142117,6.629080741,0.094836634,31.98312512,16.09834765,#REF!,#REF!,#REF!,#REF!
391,416,50,1800,360,360,900,180,20,27.5,27.5,27.5,27.5,39.67401723,1.580466334,24.63946402,6.734830932,0.096349513,27.08609361,17.43906106,#REF!,#REF!,#REF!,#REF!
439,704,65,1800,360,360,900,180,24,34.25,34.25,34.25,34.25,43.95954844,1.468325593,30.38256031,8.425635394,0.120538418,31.0462768,20.31481754,#REF!,#REF!,#REF!,#REF!
121,686,60,1800,360,540,360,540,24,33,33,33,33,18.27587455,0.682865508,11.28270864,5.02694236,0.0719162,11.87915386,8.422708224,#REF!,#REF!,#REF!,#REF!
397,690,60,1800,180,180,180,1260,24,33,33,33,33,40.13216833,1.31819546,28.08693699,6.772126412,0.096883067,35.44122523,16.44610596,#REF!,#REF!,#REF!,#REF!
133,671,55,1800,450,450,450,450,24,31.75,31.75,31.75,31.75,18.9973767,0.744518825,11.69033705,4.644025772,0.066438137,11.85977976,7.40176525,#REF!,#REF!,#REF!,#REF!
132,661,50,1800,180,720,180,720,24,26.6,34.4,26.6,34.4,18.96574484,0.785308764,11.37694202,4.561719338,0.065260649,10.85908265,7.386007566,#REF!,#REF!,#REF!,#REF!
361,664,50,1800,180,180,720,720,24,30.5,30.5,30.5,30.5,37.73145351,1.488134112,24.31527153,6.83682573,0.097808666,26.88523978,17.62254096,#REF!,#REF!,#REF!,#REF!
163,1021,95,1800,180,720,180,720,28,34.7,54.8,34.7,54.8,21.11404825,0.616175137,15.18706971,5.288159925,0.075653218,18.79596054,10.25929041,#REF!,#REF!,#REF!,#REF!
417,964,70,1800,180,180,720,720,28,38.5,38.5,38.5,38.5,41.83596077,1.361576526,29.56954736,7.177563215,0.102683308,28.84613128,18.31568957,#REF!,#REF!,#REF!,#REF!
437,968,70,1800,360,360,900,180,28,38.5,38.5,38.5,38.5,43.4638147,1.452644832,29.88276904,8.045604378,0.115101636,30.52614455,20.10982685,#REF!,#REF!,#REF!,#REF!
146,939,60,1800,360,540,360,540,28,34.4,37.6,34.4,37.6,20.02446114,0.722501652,12.71170061,4.748256986,0.067929284,12.02721916,8.515199467,#REF!,#REF!,#REF!,#REF!
419,942,60,1800,180,180,180,1260,28,36,36,36,36,41.97950808,1.32765302,29.77848643,6.543158715,0.093607421,39.7279103,16.56885935,#REF!,#REF!,#REF!,#REF!
141,923,55,1800,450,450,450,450,28,34.75,34.75,34.75,34.75,19.71105833,0.777499785,12.04956231,4.77440243,0.068303325,11.95957731,7.856947294,#REF!,#REF!,#REF!,#REF!
21,1177,55,1980,198,792,198,792,4,9.1,24.4,9.1,24.4,14.14190469,0.570052593,8.199773048,4.62159486,0.066117237,10.74260684,6.183185218,#REF!,#REF!,#REF!,#REF!
53,1178,55,1980,396,594,396,594,4,16.75,16.75,16.75,16.75,15.73074517,0.654369598,9.306087478,4.454279123,0.063723593,10.0452266,6.538344347,#REF!,#REF!,#REF!,#REF!
310,1184,55,1980,396,396,990,198,4,16.75,16.75,16.75,16.75,34.71456679,1.416939833,21.29743195,7.636762201,0.109252678,22.2147042,17.52929284,#REF!,#REF!,#REF!,#REF!
50,1163,50,1980,495,495,495,495,4,15.5,15.5,15.5,15.5,15.70011675,0.674619995,9.074449034,4.320471144,0.061809315,7.754215242,6.22459518,#REF!,#REF!,#REF!,#REF!
176,1168,50,1980,198,198,792,792,4,15.5,15.5,15.5,15.5,22.34725808,0.996738989,12.93401458,5.432734188,0.077721519,12.89934414,9.88955761,#REF!,#REF!,#REF!,#REF!
237,1170,50,1980,198,198,198,1386,4,15.5,15.5,15.5,15.5,30.04788969,1.170577288,19.42389792,6.021660216,0.086146784,25.56068279,15.01165366,#REF!,#REF!,#REF!,#REF!
288,1446,60,1980,198,198,198,1386,8,21,21,21,21,33.10203891,1.172530081,22.36206745,6.697979454,0.09582231,28.36547635,15.54440026,#REF!,#REF!,#REF!,#REF!
47,1429,55,1980,198,792,198,792,8,12.7,26.8,12.7,26.8,15.62528653,0.623657501,9.139202858,4.899969977,0.070099714,10.5440007,6.777636044,#REF!,#REF!,#REF!,#REF!
69,1415,50,1980,495,495,495,495,8,18.5,18.5,18.5,18.5,16.21940099,0.686420667,9.401136279,4.362925947,0.06241668,9.196178724,6.396292334,#REF!,#REF!,#REF!,#REF!
70,1418,50,1980,396,594,396,594,8,18.5,18.5,18.5,18.5,16.23784512,0.703958184,9.39104081,4.428046999,0.063348312,10.23857349,6.651877475,#REF!,#REF!,#REF!,#REF!
262,1420,50,1980,198,198,792,792,8,18.5,18.5,18.5,18.5,31.2364572,1.359896557,19.14023225,6.726916639,0.09623629,19.59565923,15.38056511,#REF!,#REF!,#REF!,#REF!
357,1425,50,1980,396,396,990,198,8,16.4,16.4,29,12.2,37.2361464,1.423838616,23.63601975,9.042161446,0.129358533,26.80966547,19.04174005,#REF!,#REF!,#REF!,#REF!
78,1694,60,1980,396,594,396,594,12,24,24,24,24,16.52983446,0.664942827,9.918749324,4.945317538,0.070748463,11.25562675,8.595774561,#REF!,#REF!,#REF!,#REF!
105,1681,55,1980,198,792,198,792,12,16.3,29.2,16.3,29.2,17.52291374,0.703722404,10.28192362,5.27913347,0.075524084,11.3993394,7.850289279,#REF!,#REF!,#REF!,#REF!
91,1667,50,1980,495,495,495,495,12,21.5,21.5,21.5,21.5,17.05383888,0.712591041,9.943881404,4.475847468,0.064032153,9.532649925,6.835581003,#REF!,#REF!,#REF!,#REF!
204,1672,50,1980,198,198,792,792,12,21.5,21.5,21.5,21.5,25.4329165,1.123543315,14.99262801,5.931460449,0.084856373,14.27643833,11.61497551,#REF!,#REF!,#REF!,#REF!
302,1674,50,1980,198,198,198,1386,12,21.5,21.5,21.5,21.5,33.87798414,1.308874459,22.37071077,6.176031731,0.088355247,32.98212789,16.11877937,#REF!,#REF!,#REF!,#REF!
313,1676,50,1980,396,396,990,198,12,21.5,21.5,21.5,21.5,34.89724122,1.473515126,21.13281397,7.398983576,0.105850981,17.89587944,16.40226482,#REF!,#REF!,#REF!,#REF!
388,73,70,1980,396,396,990,198,16,29.5,29.5,29.5,29.5,39.55199823,1.34720997,26.9784847,7.510770991,0.107450229,27.38377538,20.17065008,#REF!,#REF!,#REF!,#REF!
95,19,50,1980,396,594,396,594,16,24.5,24.5,24.5,24.5,17.256755,0.735721576,10.05257998,4.739296804,0.067801099,10.61159053,7.589921788,#REF!,#REF!,#REF!,#REF!
102,16,50,1980,495,495,495,495,16,24.5,24.5,24.5,24.5,17.4595197,0.723920261,10.16522484,4.59269,0.06570372,9.731352281,7.059703564,#REF!,#REF!,#REF!,#REF!
113,18,50,1980,198,792,198,792,16,19.4,29.6,19.4,29.6,18.14340525,0.768939729,10.37737186,4.851121771,0.069400884,9.337837859,7.56625875,#REF!,#REF!,#REF!,#REF!
304,23,50,1980,198,198,198,1386,16,24.5,24.5,24.5,24.5,34.30901107,1.316172042,22.15269037,6.436763165,0.09208531,28.7782585,15.7451606,#REF!,#REF!,#REF!,#REF!
318,21,50,1980,198,198,792,792,16,24.5,24.5,24.5,24.5,35.08005261,1.491734381,21.48396849,7.324164557,0.104780609,18.56820543,17.13330957,#REF!,#REF!,#REF!,#REF!
112,282,55,1980,198,792,198,792,20,23.5,34,23.5,34,18.13010309,0.690651323,10.5993551,5.242519823,0.075000284,11.10146224,8.107042744,#REF!,#REF!,#REF!,#REF!
123,283,55,1980,396,594,396,594,20,28.75,28.75,28.75,28.75,18.32786184,0.734896909,10.90930842,4.863183374,0.069573439,10.54304837,8.140765649,#REF!,#REF!,#REF!,#REF!
400,289,55,1980,396,396,990,198,20,28.75,28.75,28.75,28.75,40.31699383,1.602722731,24.95899282,7.859612832,0.112440813,28.59249965,18.95115796,#REF!,#REF!,#REF!,#REF!
463,285,55,1980,198,198,792,792,20,28.75,28.75,28.75,28.75,46.5855116,1.739375577,30.68033124,8.664933408,0.123961851,23.3819774,23.03234347,#REF!,#REF!,#REF!,#REF!
111,268,50,1980,495,495,495,495,20,27.5,27.5,27.5,27.5,18.04131398,0.740498728,10.50517697,4.746068137,0.06789797,9.682550191,7.45485702,#REF!,#REF!,#REF!,#REF!
325,275,50,1980,198,198,198,1386,20,27.5,27.5,27.5,27.5,35.53895714,1.314529051,23.33578936,6.603964075,0.094477312,33.36285934,15.81459785,#REF!,#REF!,#REF!,#REF!
375,647,100,1980,198,198,198,1386,24,43,43,43,43,38.66320271,0.937195914,29.63064443,7.021973203,0.100457413,36.38158181,17.8644047,#REF!,#REF!,#REF!,#REF!
447,565,65,1980,396,396,990,198,24,34.25,34.25,34.25,34.25,44.79729377,1.580390512,30.32138621,8.449442917,0.120879012,28.93180198,20.98976391,#REF!,#REF!,#REF!,#REF!
130,535,55,1980,396,594,396,594,24,31.75,31.75,31.75,31.75,18.82598427,0.763477764,11.03352957,5.054200043,0.072306152,10.6562179,8.658445148,#REF!,#REF!,#REF!,#REF!
171,534,55,1980,198,792,198,792,24,27.1,36.4,27.1,36.4,21.76411221,0.838430554,13.16590866,5.983471988,0.085600458,14.99472136,9.926508458,#REF!,#REF!,#REF!,#REF!
518,537,55,1980,198,198,792,792,24,31.75,31.75,31.75,31.75,55.00001999,2.049155649,36.41688773,9.510157,0.136053748,29.06502737,26.0953986,#REF!,#REF!,#REF!,#REF!
143,519,50,1980,495,495,495,495,24,30.5,30.5,30.5,30.5,19.8442423,0.824952214,11.6011205,4.925145005,0.070459871,10.55984067,8.124689954,#REF!,#REF!,#REF!,#REF!
545,126,65,1980,198,198,792,792,28,37.25,37.25,37.25,37.25,60.14812279,2.006356671,42.06245326,10.01331995,0.143252074,35.23984525,27.34611422,#REF!,#REF!,#REF!,#REF!
403,116,60,1980,198,198,198,1386,28,36,36,36,36,40.66727553,1.379953752,28.13160299,6.869872913,0.098281444,36.99033265,16.52593269,#REF!,#REF!,#REF!,#REF!
149,101,55,1980,396,594,396,594,28,33.4,36.1,33.4,36.1,20.18202886,0.788833895,12.20545723,5.335447438,0.07632972,10.57184404,8.679446786,#REF!,#REF!,#REF!,#REF!
170,99,55,1980,198,792,198,792,28,30.7,38.8,30.7,38.8,21.56956467,0.832958979,12.90312463,5.800138966,0.082977668,11.85299081,9.447168168,#REF!,#REF!,#REF!,#REF!
449,106,55,1980,396,396,990,198,28,34.75,34.75,34.75,34.75,45.03114584,1.614110176,28.7641052,8.031797286,0.11490411,29.10872478,19.63654076,#REF!,#REF!,#REF!,#REF!
175,84,50,1980,495,495,495,495,28,33.5,33.5,33.5,33.5,22.27502593,0.914478224,13.1437682,5.403361951,0.077301315,10.9726089,10.02093064,#REF!,#REF!,#REF!,#REF!
77,351,55,2160,216,864,216,864,4,9.1,24.4,9.1,24.4,16.42265235,0.643094771,9.792265983,5.037511012,0.072067396,12.24419727,7.400651787,#REF!,#REF!,#REF!,#REF!
323,354,55,2160,216,216,864,864,4,16.75,16.75,16.75,16.75,35.35314372,1.477751895,20.96600218,7.884663817,0.112799196,20.82011447,18.43789059,#REF!,#REF!,#REF!,#REF!
67,341,50,2160,432,648,432,648,4,13.2,17.8,13.2,17.8,16.21073821,0.711962539,9.324095077,4.504862172,0.064447241,9.271191409,6.580303364,#REF!,#REF!,#REF!,#REF!
85,337,50,2160,540,540,540,540,4,15.5,15.5,15.5,15.5,16.71127886,0.699585862,9.754634499,4.654871195,0.066593293,8.641329109,7.453867166,#REF!,#REF!,#REF!,#REF!
242,344,50,2160,216,216,216,1512,4,15.5,15.5,15.5,15.5,30.29307225,1.204350934,19.58114806,6.339123011,0.090688455,27.75103547,15.24743056,#REF!,#REF!,#REF!,#REF!
346,347,50,2160,432,432,1080,216,4,13.2,13.2,27,8.6,36.54024581,1.43617398,22.98045348,9.814824486,0.140412367,27.8411051,19.80967339,#REF!,#REF!,#REF!,#REF!
349,610,55,2160,432,432,1080,216,8,19.75,19.75,19.75,19.75,36.63707064,1.479082389,22.541782,7.708364496,0.110277031,24.61329398,19.40232474,#REF!,#REF!,#REF!,#REF!
61,592,50,2160,432,648,432,648,8,18.5,18.5,18.5,18.5,15.90621828,0.678626571,9.081392839,4.814832532,0.068881724,9.633215259,7.557979601,#REF!,#REF!,#REF!,#REF!
93,591,50,2160,216,864,216,864,8,12.2,24.8,12.2,24.8,17.15703808,0.753110948,9.491559546,5.088517504,0.072797103,10.31885095,7.62947372,#REF!,#REF!,#REF!,#REF!
109,589,50,2160,540,540,540,540,8,18.5,18.5,18.5,18.5,17.8909744,0.736012551,10.43951119,4.809393372,0.068803911,9.048974378,7.947606341,#REF!,#REF!,#REF!,#REF!
265,596,50,2160,216,216,216,1512,8,18.5,18.5,18.5,18.5,31.30865716,1.205178254,20.13147951,6.336265744,0.090647579,27.43327004,15.5569932,#REF!,#REF!,#REF!,#REF!
379,594,50,2160,216,216,864,864,8,18.5,18.5,18.5,18.5,38.7382598,1.583137909,24.56549884,8.582884101,0.122788041,20.69867067,21.75941609,#REF!,#REF!,#REF!,#REF!
106,856,55,2160,432,648,432,648,12,22.75,22.75,22.75,22.75,17.60130909,0.736442376,10.25274065,5.311016611,0.075980209,9.870836902,8.869735585,#REF!,#REF!,#REF!,#REF!
344,862,55,2160,432,432,1080,216,12,22.75,22.75,22.75,22.75,36.44031668,1.497990418,22.15336488,7.46802981,0.106838767,28.95435267,19.08807872,#REF!,#REF!,#REF!,#REF!
114,841,50,2160,540,540,540,540,12,21.5,21.5,21.5,21.5,18.14722722,0.754789459,10.52318833,4.986847478,0.071342596,8.822289479,8.235525154,#REF!,#REF!,#REF!,#REF!
122,843,50,2160,216,864,216,864,12,15.8,27.2,15.8,27.2,18.32257878,0.792840452,10.37237283,5.250872435,0.075119777,9.414362092,7.966358104,#REF!,#REF!,#REF!,#REF!
284,848,50,2160,216,216,216,1512,12,21.5,21.5,21.5,21.5,32.97296762,1.23521271,21.86158711,6.126191103,0.087642219,29.46963794,15.89061067,#REF!,#REF!,#REF!,#REF!
409,846,50,2160,216,216,864,864,12,21.5,21.5,21.5,21.5,41.19347679,1.641026874,26.03462085,8.422702411,0.120496458,24.61882812,21.90018412,#REF!,#REF!,#REF!,#REF!
363,1138,65,2160,432,432,1080,216,16,28.25,28.25,28.25,28.25,37.80056703,1.351592939,25.32854236,8.579023175,0.122732807,27.42053948,20.856558,#REF!,#REF!,#REF!,#REF!
341,1124,60,2160,216,216,216,1512,16,27,27,27,27,36.32566869,1.212613095,24.95911717,6.990998785,0.100014289,31.19842891,16.49139931,#REF!,#REF!,#REF!,#REF!
129,1093,50,2160,540,540,540,540,16,24.5,24.5,24.5,24.5,18.81732845,0.770629397,10.89804806,5.18944645,0.074241008,8.965300079,8.975081509,#REF!,#REF!,#REF!,#REF!
131,1096,50,2160,432,648,432,648,16,24.5,24.5,24.5,24.5,18.94052745,0.778048456,11.05404489,5.468346589,0.078230996,12.13885383,9.48967556,#REF!,#REF!,#REF!,#REF!
138,1095,50,2160,216,864,216,864,16,19.4,29.6,19.4,29.6,19.23428013,0.816164639,11.16365521,5.366233806,0.076770155,10.55746361,9.023182709,#REF!,#REF!,#REF!,#REF!
434,1098,50,2160,216,216,864,864,16,24.5,24.5,24.5,24.5,43.23422578,1.782708815,26.84075856,8.722111687,0.124779852,22.54426665,23.42041363,#REF!,#REF!,#REF!,#REF!
315,1376,60,2160,216,216,216,1512,20,30,30,30,30,34.94113166,1.118356419,24.22046224,6.842700438,0.09789271,30.29958593,16.44115848,#REF!,#REF!,#REF!,#REF!
416,1378,60,2160,432,432,1080,216,20,30,30,30,30,41.79683051,1.611418525,26.739911,8.24421159,0.117942941,25.59278978,20.60443997,#REF!,#REF!,#REF!,#REF!
151,1359,55,2160,216,864,216,864,20,23.5,34,23.5,34,20.29658923,0.831881731,11.96605307,5.504743137,0.07875169,11.29485725,9.298988381,#REF!,#REF!,#REF!,#REF!
140,1345,50,2160,540,540,540,540,20,27.5,27.5,27.5,27.5,19.65928343,0.797031765,11.35096865,5.427065522,0.077640422,9.26071376,9.474113765,#REF!,#REF!,#REF!,#REF!
164,1349,50,2160,432,648,432,648,20,26,29,26,29,21.18680464,0.895291375,12.70073864,5.472185262,0.078285912,10.19383378,9.304547818,#REF!,#REF!,#REF!,#REF!
499,1350,50,2160,216,216,864,864,20,27.5,27.5,27.5,27.5,51.47324884,2.107101495,31.6900564,10.22472911,0.146276525,20.24162557,28.18791341,#REF!,#REF!,#REF!,#REF!
159,40,60,2160,540,540,540,540,24,33,33,33,33,20.93073811,0.793012547,12.882204,5.926320837,0.084782845,10.81671164,10.58047659,#REF!,#REF!,#REF!,#REF!
184,44,60,2160,432,648,432,648,24,31.2,34.8,31.2,34.8,23.29493927,0.885541125,14.67585953,6.242973997,0.089312933,12.57739605,12.0997754,#REF!,#REF!,#REF!,#REF!
180,30,55,2160,216,864,216,864,24,27.1,36.4,27.1,36.4,23.09158412,0.897542287,14.36686279,5.917311265,0.084653952,14.24902337,10.7558589,#REF!,#REF!,#REF!,#REF!
402,37,55,2160,432,432,1080,216,24,31.75,31.75,31.75,31.75,40.63435467,1.562408835,25.91779499,8.346904859,0.119412087,26.65714415,20.77684191,#REF!,#REF!,#REF!,#REF!
367,23,50,2160,216,216,216,1512,24,30.5,30.5,30.5,30.5,38.03957115,1.332593965,25.41430367,6.412795978,0.091742432,34.17643508,16.71215708,#REF!,#REF!,#REF!,#REF!
535,21,50,2160,216,216,864,864,24,30.5,30.5,30.5,30.5,57.65270431,2.254857595,36.58021925,10.24630266,0.14658516,24.25653856,29.66314081,#REF!,#REF!,#REF!,#REF!
390,395,100,2160,216,216,216,1512,28,46,46,46,46,39.59803127,0.969507507,30.08016197,7.439554485,0.106431395,34.57393906,17.89616499,#REF!,#REF!,#REF!,#REF!
560,381,95,2160,216,216,864,864,28,44.75,44.75,44.75,44.75,63.53592945,1.678330675,48.19916648,10.40085024,0.148796141,44.9364492,31.74978943,#REF!,#REF!,#REF!,#REF!
244,354,85,2160,216,864,216,864,28,33.7,50.8,33.7,50.8,30.35712126,0.956696348,21.38402224,7.824637909,0.111940456,21.08831438,17.9024537,#REF!,#REF!,#REF!,#REF!
199,295,60,2160,432,648,432,648,28,36,36,36,36,25.04172557,0.93280762,15.77955687,6.983222286,0.099903037,13.54828667,13.91075803,#REF!,#REF!,#REF!,#REF!
446,289,55,2160,432,432,1080,216,28,34.75,34.75,34.75,34.75,44.67815557,1.785862594,28.23799013,8.759174106,0.125310073,29.1660318,21.31996358,#REF!,#REF!,#REF!,#REF!
212,268,50,2160,540,540,540,540,28,33.5,33.5,33.5,33.5,26.45831217,1.051418941,16.1827087,6.558005625,0.093819823,14.08826581,13.58163576,#REF!,#REF!,#REF!,#REF!
75,534,55,2340,234,936,234,936,4,9.1,24.4,9.1,24.4,16.33697314,0.665798269,9.378969513,5.803594204,0.083027099,11.26926108,8.935780444,#REF!,#REF!,#REF!,#REF!
316,541,55,2340,468,468,1170,234,4,16.75,16.75,16.75,16.75,34.95192649,1.46578,21.57399225,8.51255891,0.121781959,24.10980078,19.68751822,#REF!,#REF!,#REF!,#REF!
116,523,50,2340,468,702,468,702,4,15.5,15.5,15.5,15.5,18.15946945,0.77710195,10.73613606,5.372844993,0.076864735,10.0038483,8.945126334,#REF!,#REF!,#REF!,#REF!
125,520,50,2340,585,585,585,585,4,15.5,15.5,15.5,15.5,18.43775941,0.792549545,10.5635841,5.541093964,0.079271731,9.931376547,9.202663946,#REF!,#REF!,#REF!,#REF!
270,527,50,2340,234,234,234,1638,4,15.5,15.5,15.5,15.5,31.66918677,1.305484452,20.23364327,6.20849178,0.088819625,27.37677528,16.01638202,#REF!,#REF!,#REF!,#REF!
376,525,50,2340,234,234,936,936,4,15.5,15.5,15.5,15.5,38.66820862,1.638154641,23.30420761,9.108014391,0.130300635,20.25231207,21.95668293,#REF!,#REF!,#REF!,#REF!
128,784,55,2340,585,585,585,585,8,19.75,19.75,19.75,19.75,18.78916345,0.798021939,11.12139447,5.540151758,0.079258251,10.44297339,9.256658104,#REF!,#REF!,#REF!,#REF!
134,788,55,2340,468,702,468,702,8,17.4,22.1,17.4,22.1,19.01262785,0.781005133,11.4598656,5.558549305,0.079521449,11.60065133,8.918521733,#REF!,#REF!,#REF!,#REF!
142,774,50,2340,234,936,234,936,8,12.2,24.8,12.2,24.8,19.723897,0.822147249,11.32455784,5.753828275,0.08231514,12.17721305,9.959240834,#REF!,#REF!,#REF!,#REF!
260,779,50,2340,234,234,234,1638,8,18.5,18.5,18.5,18.5,31.21800147,1.226108815,19.88891837,6.443727435,0.092184942,26.1881511,16.06526289,#REF!,#REF!,#REF!,#REF!
352,781,50,2340,468,468,1170,234,8,18.5,18.5,18.5,18.5,36.70796133,1.55044551,21.45085153,7.776486095,0.111251589,22.92860378,19.94927867,#REF!,#REF!,#REF!,#REF!
464,777,50,2340,234,234,936,936,8,18.5,18.5,18.5,18.5,46.58776181,1.934953766,29.11571305,10.00896056,0.143189708,22.83448498,27.34529599,#REF!,#REF!,#REF!,#REF!
369,1069,65,2340,468,468,1170,234,12,25.25,25.25,25.25,25.25,38.19474359,1.425200124,25.01475056,8.71590536,0.124691064,31.19230884,22.45661386,#REF!,#REF!,#REF!,#REF!
139,1038,55,2340,234,936,234,936,12,16.3,29.2,16.3,29.2,19.39131166,0.785270308,11.27085568,6.122292736,0.087586448,12.16626568,10.93164989,#REF!,#REF!,#REF!,#REF!
162,1040,55,2340,468,702,468,702,12,20.6,24.9,20.6,24.9,21.09045983,0.849423393,12.78395967,6.076640686,0.086933343,11.68116797,10.28826931,#REF!,#REF!,#REF!,#REF!
148,1024,50,2340,585,585,585,585,12,21.5,21.5,21.5,21.5,20.17472502,0.852796042,11.70293546,5.961184584,0.085281611,10.67644427,10.30595657,#REF!,#REF!,#REF!,#REF!
296,1031,50,2340,234,234,234,1638,12,21.5,21.5,21.5,21.5,33.62402564,1.314202578,21.62437948,6.39223291,0.091448253,29.71701784,16.12492769,#REF!,#REF!,#REF!,#REF!
481,1029,50,2340,234,234,936,936,12,21.5,21.5,21.5,21.5,49.1989898,2.113533287,29.54238383,10.68510724,0.152862765,23.59467981,28.41577072,#REF!,#REF!,#REF!,#REF!
351,1321,65,2340,468,468,1170,234,16,28.25,28.25,28.25,28.25,36.6920294,1.37510545,23.57392511,8.704473159,0.124527513,26.09243843,21.74341624,#REF!,#REF!,#REF!,#REF!
166,1292,55,2340,468,702,468,702,16,23.8,27.7,23.8,27.7,21.36713971,0.859246929,12.86574445,6.221174208,0.089001062,11.97903045,10.76482046,#REF!,#REF!,#REF!,#REF!
340,1295,55,2340,234,234,234,1638,16,25.75,25.75,25.75,25.75,36.30354454,1.287683982,24.41342453,6.67855451,0.095544414,25.18015048,16.15695501,#REF!,#REF!,#REF!,#REF!
155,1276,50,2340,585,585,585,585,16,24.5,24.5,24.5,24.5,20.64845223,0.85973296,12.04510897,6.114829198,0.087479674,10.4473578,10.89938179,#REF!,#REF!,#REF!,#REF!
169,1278,50,2340,234,936,234,936,16,19.4,29.6,19.4,29.6,21.52832072,0.898294336,12.20976662,6.119999195,0.087553637,12.44232468,11.12832415,#REF!,#REF!,#REF!,#REF!
469,1281,50,2340,234,234,936,936,16,24.5,24.5,24.5,24.5,47.09266631,1.859949925,29.60085972,9.424021466,0.13482148,25.54960625,26.75862789,#REF!,#REF!,#REF!,#REF!
196,83,65,2340,234,936,234,936,20,24.5,38,24.5,38,24.54128717,0.902929422,15.62809644,7.113797634,0.101771068,15.45378069,14.03014919,#REF!,#REF!,#REF!,#REF!
415,90,65,2340,468,468,1170,234,20,31.25,31.25,31.25,31.25,41.7044075,1.499785108,27.77301068,8.961552276,0.128205326,31.27089739,22.51002997,#REF!,#REF!,#REF!,#REF!
173,69,60,2340,585,585,585,585,20,30,30,30,30,22.10863612,0.84881172,13.87830543,6.550662388,0.09371477,13.03842926,12.57450092,#REF!,#REF!,#REF!,#REF!
354,76,60,2340,234,234,234,1638,20,30,30,30,30,36.87728559,1.206979016,25.61722256,7.373988724,0.105493401,30.39056906,16.49823084,#REF!,#REF!,#REF!,#REF!
195,61,55,2340,468,702,468,702,20,27,30.5,27,30.5,24.4973546,0.951476476,15.22966184,6.648012906,0.095107481,13.29426572,12.70514848,#REF!,#REF!,#REF!,#REF!
529,50,50,2340,234,234,936,936,20,27.5,27.5,27.5,27.5,56.69841177,2.194260601,36.0599347,10.26892413,0.146908786,27.45460647,30.52194542,#REF!,#REF!,#REF!,#REF!
429,342,65,2340,468,468,1170,234,24,34.25,34.25,34.25,34.25,42.90280211,1.478507454,29.11271415,9.188510119,0.131452219,31.91151078,22.95349763,#REF!,#REF!,#REF!,#REF!
213,325,60,2340,468,702,468,702,24,31.2,34.8,31.2,34.8,26.67699843,0.996992951,17.01709394,7.310961687,0.104591727,13.68890116,14.87641588,#REF!,#REF!,#REF!,#REF!
193,311,55,2340,234,936,234,936,24,27.1,36.4,27.1,36.4,24.34593224,0.933172776,14.94323576,6.965033983,0.099642832,14.9417889,14.53026811,#REF!,#REF!,#REF!,#REF!
554,314,55,2340,234,234,936,936,24,31.75,31.75,31.75,31.75,61.95972891,2.345242308,40.595668,10.54417868,0.150846619,30.79197771,31.14540888,#REF!,#REF!,#REF!,#REF!
214,296,50,2340,585,585,585,585,24,30.5,30.5,30.5,30.5,26.81147575,1.075043874,16.41654336,7.048172145,0.10083222,12.09144534,13.9110972,#REF!,#REF!,#REF!,#REF!
356,304,50,2340,234,234,234,1638,24,30.5,30.5,30.5,30.5,36.92599994,1.27112122,25.19082442,6.638253537,0.094967862,32.33253591,16.81509147,#REF!,#REF!,#REF!,#REF!
297,197,65,2340,234,936,234,936,28,31.7,42.8,31.7,42.8,33.7476962,1.173335397,22.37253891,9.095839532,0.13012646,20.55653999,19.34696361,#REF!,#REF!,#REF!,#REF!
444,204,65,2340,468,468,1170,234,28,37.25,37.25,37.25,37.25,44.40479472,1.555188878,30.26803578,9.061195545,0.129630838,37.99409463,23.23465407,#REF!,#REF!,#REF!,#REF!
564,200,65,2340,234,234,936,936,28,37.25,37.25,37.25,37.25,64.44635772,2.122667047,44.36176119,11.13145732,0.159248316,30.61510905,32.79362792,#REF!,#REF!,#REF!,#REF!
321,183,60,2340,585,585,585,585,28,36,36,36,36,35.17374381,1.274937152,23.24728466,9.080446972,0.129906251,17.67679617,20.84223981,#REF!,#REF!,#REF!,#REF!
368,190,60,2340,234,234,234,1638,28,36,36,36,36,38.13291956,1.217951585,26.58046271,7.753586671,0.110923987,30.38696813,17.22865,#REF!,#REF!,#REF!,#REF!
272,175,55,2340,468,702,468,702,28,33.4,36.1,33.4,36.1,31.80404325,1.200838475,20.55249943,8.133235884,0.116355306,19.07464553,16.99751066,#REF!,#REF!,#REF!,#REF!
144,423,55,2520,630,630,630,630,4,16.75,16.75,16.75,16.75,19.92040568,0.82218811,11.75639294,6.429980967,0.091988283,10.77688757,11.14601281,#REF!,#REF!,#REF!,#REF!
474,428,55,2520,252,252,1008,1008,4,16.75,16.75,16.75,16.75,47.93407467,1.955528499,30.10412973,10.76332059,0.153981697,23.96968426,29.51466523,#REF!,#REF!,#REF!,#REF!
115,414,50,2520,504,756,504,756,4,15.5,15.5,15.5,15.5,18.14825418,0.804650459,10.11903214,6.325135721,0.090488351,9.287186178,11.037207,#REF!,#REF!,#REF!,#REF!
120,413,50,2520,252,1008,252,1008,4,8.6,22.4,8.6,22.4,18.2739927,0.797694045,10.0560234,6.112889102,0.087451918,10.10263371,9.557715316,#REF!,#REF!,#REF!,#REF!
252,418,50,2520,252,252,252,1764,4,15.5,15.5,15.5,15.5,30.83486332,1.246356707,19.78262273,6.827358686,0.097673229,28.68195542,16.04948065,#REF!,#REF!,#REF!,#REF!
320,421,50,2520,504,504,1260,252,4,13.2,13.2,27,8.6,35.13419016,1.39558958,21.77848511,10.29164277,0.147233802,24.34832325,21.11159143,#REF!,#REF!,#REF!,#REF!
189,675,55,2520,630,630,630,630,8,19.75,19.75,19.75,19.75,23.93886357,0.970713935,14.63977071,7.634523956,0.109220657,13.17085313,14.0417813,#REF!,#REF!,#REF!,#REF!
137,667,50,2520,504,756,504,756,8,16.4,20.6,16.4,20.6,19.14636855,0.827511683,10.89314994,5.930539578,0.084843199,9.319775414,10.09226012,#REF!,#REF!,#REF!,#REF!
150,665,50,2520,252,1008,252,1008,8,12.2,24.8,12.2,24.8,20.21961337,0.889535025,11.35152067,6.602367247,0.094454467,11.17387438,11.130176,#REF!,#REF!,#REF!,#REF!
245,670,50,2520,252,252,252,1764,8,18.5,18.5,18.5,18.5,30.3834672,1.255081159,18.80391361,6.68654593,0.09565874,26.55311798,15.88936571,#REF!,#REF!,#REF!,#REF!
343,673,50,2520,504,504,1260,252,8,16.4,16.4,29,12.2,36.36115133,1.41677795,22.36073598,10.69804537,0.153047859,24.49255943,21.76531017,#REF!,#REF!,#REF!,#REF!
495,668,50,2520,252,252,1008,1008,8,18.5,18.5,18.5,18.5,51.16892688,2.112663026,31.56754664,10.52273458,0.150539837,24.01256768,30.17305905,#REF!,#REF!,#REF!,#REF!
520,968,70,2520,252,252,1008,1008,12,26.5,26.5,26.5,26.5,55.08232876,1.784706189,38.51052344,10.47258585,0.149822401,30.51881945,30.83258071,#REF!,#REF!,#REF!,#REF!
153,919,50,2520,504,756,504,756,12,19.6,23.4,19.6,23.4,20.48173249,0.884959673,11.86114397,6.269179891,0.089687838,9.108403759,10.86543715,#REF!,#REF!,#REF!,#REF!
183,915,50,2520,630,630,630,630,12,21.5,21.5,21.5,21.5,23.20528403,0.998343316,13.39491712,6.777207751,0.096955762,11.25325768,12.24496807,#REF!,#REF!,#REF!,#REF!
188,917,50,2520,252,1008,252,1008,12,15.8,27.2,15.8,27.2,23.92364706,1.043327432,13.87068155,7.415411889,0.106086007,13.93734355,13.92991952,#REF!,#REF!,#REF!,#REF!
256,922,50,2520,252,252,252,1764,12,21.5,21.5,21.5,21.5,30.99105687,1.268666994,19.6767806,6.360760815,0.090998009,26.40521018,15.8550363,#REF!,#REF!,#REF!,#REF!
382,925,50,2520,504,504,1260,252,12,19.6,19.6,31,15.8,38.97546056,1.554735285,24.31291288,10.29657112,0.147304308,24.92781751,22.36955718,#REF!,#REF!,#REF!,#REF!
530,1208,65,2520,252,252,1008,1008,16,28.25,28.25,28.25,28.25,56.87238251,1.972999355,38.6777808,11.31337319,0.161850833,30.30034664,31.925976,#REF!,#REF!,#REF!,#REF!
271,1198,60,2520,252,252,252,1764,16,27,27,27,27,31.8010207,1.147646825,21.29519408,7.053962033,0.100915051,30.44628577,16.35819708,#REF!,#REF!,#REF!,#REF!
190,1183,55,2520,504,756,504,756,16,23.8,27.7,23.8,27.7,24.0148114,0.991893283,14.89065675,7.15814114,0.102405453,14.88540292,13.77604747,#REF!,#REF!,#REF!,#REF!
192,1167,50,2520,630,630,630,630,16,24.5,24.5,24.5,24.5,24.22950192,1.037398227,13.8510163,7.062702036,0.101040086,11.62878923,13.25087162,#REF!,#REF!,#REF!,#REF!
194,1169,50,2520,252,1008,252,1008,16,19.4,29.6,19.4,29.6,24.40562825,1.016796092,14.15449642,7.700795534,0.110168749,11.96841695,14.33691293,#REF!,#REF!,#REF!,#REF!
401,1176,50,2520,504,504,1260,252,16,24.5,24.5,24.5,24.5,40.45239841,1.781520967,24.49227509,8.786443064,0.125700187,25.46506107,21.9949382,#REF!,#REF!,#REF!,#REF!
257,219,65,2520,252,1008,252,1008,20,24.5,38,24.5,38,31.02973967,1.084648821,20.52309964,9.108749044,0.130311145,18.33188665,20.75667325,#REF!,#REF!,#REF!,#REF!
226,193,55,2520,630,630,630,630,20,28.75,28.75,28.75,28.75,28.79845659,1.150565085,17.87778429,8.206032949,0.117396752,14.45915815,16.6275775,#REF!,#REF!,#REF!,#REF!
537,198,55,2520,252,252,1008,1008,20,28.75,28.75,28.75,28.75,58.06048444,2.287426694,36.77742945,11.54090513,0.165105939,27.15050242,31.70125139,#REF!,#REF!,#REF!,#REF!
197,185,50,2520,504,756,504,756,20,26,29,26,29,24.54316334,1.00166096,14.9508269,7.131876937,0.102029713,10.7994507,13.5180228,#REF!,#REF!,#REF!,#REF!
308,188,50,2520,252,252,252,1764,20,27.5,27.5,27.5,27.5,34.55820731,1.335706298,22.69334809,6.785187049,0.097069915,31.92803324,17.02543519,#REF!,#REF!,#REF!,#REF!
431,190,50,2520,504,504,1260,252,20,27.5,27.5,27.5,27.5,43.05750208,1.761085425,26.26350114,8.831037749,0.126338165,25.53146173,22.13018404,#REF!,#REF!,#REF!,#REF!
303,495,75,2520,252,1008,252,1008,24,29.1,44.4,29.1,44.4,33.96785493,1.086508838,23.5188942,8.776033969,0.125551273,21.78970954,21.34206309,#REF!,#REF!,#REF!,#REF!
432,502,75,2520,504,504,1260,252,24,36.75,36.75,36.75,36.75,43.18363461,1.42693989,29.924821,9.664610935,0.13826339,31.83306405,26.28062958,#REF!,#REF!,#REF!,#REF!
285,457,60,2520,630,630,630,630,24,33,33,33,33,32.99987654,1.23974033,21.59932963,9.197943157,0.13158717,17.45116501,19.93785192,#REF!,#REF!,#REF!,#REF!
314,464,60,2520,252,252,252,1764,24,33,33,33,33,34.91758018,1.134818328,24.20922735,7.022327684,0.100462485,28.87878274,17.31965961,#REF!,#REF!,#REF!,#REF!
553,450,55,2520,252,252,1008,1008,24,31.75,31.75,31.75,31.75,61.85681217,2.287047887,40.5298206,11.04259301,0.15797701,29.09500506,31.91366513,#REF!,#REF!,#REF!,#REF!
243,437,50,2520,504,756,504,756,24,29.2,31.8,29.2,31.8,30.2944307,1.211826684,19.1053749,8.218285543,0.117572039,13.06902237,17.06037912,#REF!,#REF!,#REF!,#REF!
364,771,85,2520,252,1008,252,1008,28,33.7,50.8,33.7,50.8,37.89806977,1.112677586,27.39163317,10.1378928,0.145034232,27.24150954,25.23173947,#REF!,#REF!,#REF!,#REF!
398,745,75,2520,630,630,630,630,28,39.75,39.75,39.75,39.75,40.1521971,1.291186087,28.27736687,11.19756158,0.160194014,23.79486959,27.17284841,#REF!,#REF!,#REF!,#REF!
470,730,65,2520,504,504,1260,252,28,37.25,37.25,37.25,37.25,47.2199776,1.630310294,32.46173017,10.00481644,0.143130421,37.96569845,25.58708587,#REF!,#REF!,#REF!,#REF!
335,716,60,2520,252,252,252,1764,28,36,36,36,36,36.03245272,1.156196241,24.95974979,7.131586783,0.102025562,30.89989784,17.55529155,#REF!,#REF!,#REF!,#REF!
371,712,60,2520,504,756,504,756,28,36,36,36,36,38.29000562,1.317400584,25.50896497,11.03720844,0.157899978,22.68839393,28.46572901,#REF!,#REF!,#REF!,#REF!
573,714,60,2520,252,252,1008,1008,28,36,36,36,36,66.39809472,2.270589054,45.91345087,11.12485561,0.159153871,32.73499773,32.82304044,#REF!,#REF!,#REF!,#REF!
156,975,65,2700,270,1080,270,1080,4,10.1,28.4,10.1,28.4,20.65171236,0.787919192,12.57731983,7.434762495,0.10636284,13.61149499,13.97761961,#REF!,#REF!,#REF!,#REF!
251,968,60,2700,270,270,270,1890,4,18,18,18,18,30.78932201,1.082469635,20.38415727,7.286472606,0.104241382,22.84479175,17.39103951,#REF!,#REF!,#REF!,#REF!
502,954,55,2700,270,270,1080,1080,4,16.75,16.75,16.75,16.75,52.20065197,2.086699982,33.54965648,10.74016525,0.153650433,27.75495821,30.97959777,#REF!,#REF!,#REF!,#REF!
147,941,50,2700,540,810,540,810,4,13.2,17.8,13.2,17.8,20.13836297,0.871292381,11.49110945,6.564037685,0.093906119,9.687149359,11.65844892,#REF!,#REF!,#REF!,#REF!
200,936,50,2700,675,675,675,675,4,15.5,15.5,15.5,15.5,25.08658178,1.12956254,14.46249397,7.399149052,0.105853348,12.44328532,13.93621257,#REF!,#REF!,#REF!,#REF!
331,947,50,2700,540,540,1350,270,4,13.2,13.2,27,8.6,35.89353098,1.494428435,21.34533864,11.5773743,0.165627672,22.9353626,23.35611344,#REF!,#REF!,#REF!,#REF!
217,1200,55,2700,675,675,675,675,8,19.75,19.75,19.75,19.75,27.59941395,1.113925588,17.08463873,8.18945556,0.117159593,13.91298962,16.89875829,#REF!,#REF!,#REF!,#REF!
179,1191,50,2700,270,1080,270,1080,8,12.2,24.8,12.2,24.8,22.99479067,0.985096653,12.70094969,7.509440387,0.107431193,11.63743202,14.28785148,#REF!,#REF!,#REF!,#REF!
185,1192,50,2700,540,810,540,810,8,18.5,18.5,18.5,18.5,23.53934107,1.049272809,13.5277835,7.892762815,0.112915062,11.04953168,15.83579934,#REF!,#REF!,#REF!,#REF!
267,1196,50,2700,270,270,270,1890,8,18.5,18.5,18.5,18.5,31.40463602,1.20822854,20.56067575,6.453417209,0.092323565,29.04955386,16.45216871,#REF!,#REF!,#REF!,#REF!
380,1199,50,2700,540,540,1350,270,8,16.4,16.4,29,12.2,38.79457591,1.490214504,24.65504089,11.04928804,0.15807279,27.97470357,23.93769394,#REF!,#REF!,#REF!,#REF!
496,1194,50,2700,270,270,1080,1080,8,18.5,18.5,18.5,18.5,51.22794372,2.159070609,30.66102503,10.91909184,0.156210184,23.45279955,31.19168702,#REF!,#REF!,#REF!,#REF!
286,167,60,2700,270,270,270,1890,12,24,24,24,24,33.0158742,1.128530965,22.68920974,7.322067699,0.104750611,26.39088813,17.71637068,#REF!,#REF!,#REF!,#REF!
209,140,50,2700,540,810,540,810,12,19.6,23.4,19.6,23.4,25.70383563,1.072375024,15.29182526,7.70327587,0.110204233,11.22205242,15.50963889,#REF!,#REF!,#REF!,#REF!
211,138,50,2700,270,1080,270,1080,12,15.8,27.2,15.8,27.2,26.05773626,1.112311679,14.74444069,8.37705953,0.119843484,12.11462985,17.26374237,#REF!,#REF!,#REF!,#REF!
239,136,50,2700,675,675,675,675,12,21.5,21.5,21.5,21.5,30.21254196,1.281426443,18.40720314,8.434747884,0.120668782,12.93788276,17.47854937,#REF!,#REF!,#REF!,#REF!
386,145,50,2700,540,540,1350,270,12,21.5,21.5,21.5,21.5,39.33530178,1.674226233,23.33194116,9.142569571,0.130794987,22.73507614,21.92085228,#REF!,#REF!,#REF!,#REF!
508,141,50,2700,270,270,1080,1080,12,21.5,21.5,21.5,21.5,52.82531101,2.169102663,32.82244364,11.4415091,0.163683964,23.39719386,31.6817861,#REF!,#REF!,#REF!,#REF!
527,429,65,2700,270,270,1080,1080,16,28.25,28.25,28.25,28.25,56.19379283,1.956464657,38.46983131,11.36248153,0.162553384,30.94593725,32.50507396,#REF!,#REF!,#REF!,#REF!
201,392,50,2700,540,810,540,810,16,22.8,26.2,22.8,26.2,25.28784096,1.032016112,14.89306073,7.711556012,0.11032269,10.8821877,15.80200905,#REF!,#REF!,#REF!,#REF!
216,390,50,2700,270,1080,270,1080,16,19.4,29.6,19.4,29.6,27.27133375,1.151972699,15.66521473,8.616012294,0.123261978,12.91953162,17.50101274,#REF!,#REF!,#REF!,#REF!
249,388,50,2700,675,675,675,675,16,24.5,24.5,24.5,24.5,30.63673072,1.310278805,18.43971179,8.632214109,0.123493764,12.62234487,18.15078766,#REF!,#REF!,#REF!,#REF!
279,395,50,2700,270,270,270,1890,16,24.5,24.5,24.5,24.5,32.62806225,1.220577699,21.42246406,6.786828133,0.097093392,28.92339202,16.78098539,#REF!,#REF!,#REF!,#REF!
405,397,50,2700,540,540,1350,270,16,24.5,24.5,24.5,24.5,41.00366089,1.735860476,24.49497121,9.375922724,0.134133372,23.62977838,22.91534204,#REF!,#REF!,#REF!,#REF!
458,81,150,2700,270,270,270,1890,20,52.5,52.5,52.5,52.5,46.09065816,0.838091125,38.04774006,8.218965476,0.117581766,45.18859535,23.20924581,#REF!,#REF!,#REF!,#REF!
519,51,140,2700,270,1080,270,1080,20,50,50,50,50,55.05826576,1.024705134,45.37525451,11.95961036,0.171095999,47.69518044,33.84568275,#REF!,#REF!,#REF!,#REF!
580,31,130,2700,270,270,1080,1080,20,47.5,47.5,47.5,47.5,71.46690889,1.531935492,57.09755177,12.34787756,0.176650609,49.15256523,37.0039329,#REF!,#REF!,#REF!,#REF!
547,18,125,2700,540,810,540,810,20,41,51.5,41,51.5,60.41982012,1.313674513,47.99182974,15.25235457,0.218202497,38.97596859,43.37496648,#REF!,#REF!,#REF!,#REF!
571,23,125,2700,540,540,1350,270,20,46.25,46.25,46.25,46.25,66.06020013,1.472370325,52.71119161,12.58659538,0.180065742,69.16439696,38.24081314,#REF!,#REF!,#REF!,#REF!
558,2,120,2700,675,675,675,675,20,45,45,45,45,62.99213927,1.453300108,49.60503149,13.61468318,0.194773722,38.0966368,42.01976516,#REF!,#REF!,#REF!,#REF!
460,143,70,2700,540,540,1350,270,24,35.5,35.5,35.5,35.5,46.22353977,1.63235263,31.51806014,10.17512629,0.1455669,30.44163261,26.60962444,#REF!,#REF!,#REF!,#REF!
332,124,65,2700,270,1080,270,1080,24,28.1,40.4,28.1,40.4,35.90064548,1.255670242,23.87122486,9.702497193,0.138805396,23.14055763,23.83307408,#REF!,#REF!,#REF!,#REF!
442,126,65,2700,540,810,540,810,24,32.2,36.3,32.2,36.3,44.18967728,1.547504083,29.93307992,10.91199712,0.156108686,26.05993552,30.60439282,#REF!,#REF!,#REF!,#REF!
330,117,60,2700,270,270,270,1890,24,33,33,33,33,35.86464064,1.255684304,24.21159452,8.049122307,0.115151964,27.84848599,18.22621904,#REF!,#REF!,#REF!,#REF!
452,97,55,2700,675,675,675,675,24,31.75,31.75,31.75,31.75,45.15078875,1.754161201,29.19090106,11.87194939,0.169841908,20.52228775,29.84574908,#REF!,#REF!,#REF!,#REF!
541,103,55,2700,270,270,1080,1080,24,31.75,31.75,31.75,31.75,58.94098772,2.160782145,38.78178939,10.89927092,0.155926623,27.43341011,32.49077925,#REF!,#REF!,#REF!,#REF!
509,422,85,2700,675,675,675,675,28,42.25,42.25,42.25,42.25,52.83206457,1.417544544,39.6463158,12.67160043,0.181281837,31.42896098,37.02736978,#REF!,#REF!,#REF!,#REF!
491,407,75,2700,540,540,1350,270,28,39.75,39.75,39.75,39.75,50.67728987,1.6426164,35.78590842,10.79627197,0.154453104,33.74206701,28.96613118,#REF!,#REF!,#REF!,#REF!
568,403,75,2700,270,270,1080,1080,28,39.75,39.75,39.75,39.75,64.92387492,1.945215639,47.50344905,10.7428852,0.153689345,36.72452391,34.01111717,#REF!,#REF!,#REF!,#REF!
440,376,65,2700,270,1080,270,1080,28,31.7,42.8,31.7,42.8,43.9964174,1.555164055,30.15226305,11.27669392,0.161326093,28.08157887,26.80076067,#REF!,#REF!,#REF!,#REF!
489,365,60,2700,540,810,540,810,28,36,36,36,36,50.36489647,1.629540709,34.81293251,12.16543137,0.174040506,30.68242094,35.44602489,#REF!,#REF!,#REF!,#REF!
350,345,50,2700,270,270,270,1890,28,33.5,33.5,33.5,33.5,36.64558328,1.257650605,24.88088748,6.897130165,0.09867139,34.45462049,17.79551598,#REF!,#REF!,#REF!,#REF!
254,158,60,2880,288,288,288,2016,4,18,18,18,18,30.89845802,1.141042395,20.35834007,6.79157349,0.09716128,28.60919043,16.56916475,#REF!,#REF!,#REF!,#REF!
168,131,50,2880,576,864,576,864,4,13.2,17.8,13.2,17.8,21.49001542,0.949726676,12.2606503,7.425031685,0.106223629,11.03046018,13.82604464,#REF!,#REF!,#REF!,#REF!
181,129,50,2880,288,1152,288,1152,4,8.6,22.4,8.6,22.4,23.15855418,0.98844096,12.96253859,7.930086548,0.113449021,12.38620741,15.27931666,#REF!,#REF!,#REF!,#REF!
218,127,50,2880,720,720,720,720,4,15.5,15.5,15.5,15.5,27.73819232,1.238168386,15.99816209,8.47981491,0.121313518,13.90829249,17.60841259,#REF!,#REF!,#REF!,#REF!
307,137,50,2880,576,576,1440,288,4,13.2,13.2,27,8.6,34.48384907,1.361281123,21.07067074,11.65787222,0.166779288,22.54499654,24.08475627,#REF!,#REF!,#REF!,#REF!
510,132,50,2880,288,288,1152,1152,4,15.5,15.5,15.5,15.5,53.07076817,2.138217762,33.20501739,10.73191402,0.153532389,26.50361354,30.50291333,#REF!,#REF!,#REF!,#REF!
191,393,55,2880,288,1152,288,1152,8,12.7,26.8,12.7,26.8,24.20148065,0.998356675,14.23601424,8.656795232,0.123845425,13.64693807,16.93205839,#REF!,#REF!,#REF!,#REF!
268,390,55,2880,720,720,720,720,8,19.75,19.75,19.75,19.75,31.45636949,1.292634915,19.17461489,9.427985265,0.134878187,15.71759766,20.73537739,#REF!,#REF!,#REF!,#REF!
203,383,50,2880,576,864,576,864,8,16.4,20.6,16.4,20.6,25.38043969,1.1151623,14.7629222,8.282539206,0.118491262,11.78789032,16.85029225,#REF!,#REF!,#REF!,#REF!
269,386,50,2880,288,288,288,2016,8,18.5,18.5,18.5,18.5,31.55009595,1.273683885,20.23103235,6.852582822,0.098034089,24.6057675,16.87552818,#REF!,#REF!,#REF!,#REF!
378,388,50,2880,576,576,1440,288,8,18.5,18.5,18.5,18.5,38.70155005,1.677563935,23.24587733,9.049847161,0.129468486,24.60645111,22.10170511,#REF!,#REF!,#REF!,#REF!
515,384,50,2880,288,288,1152,1152,8,18.5,18.5,18.5,18.5,54.09707217,2.209943428,33.50559282,11.07795568,0.158482914,25.62136828,32.02563946,#REF!,#REF!,#REF!,#REF!
264,655,60,2880,720,720,720,720,12,24,24,24,24,31.30156323,1.237311152,19.62653297,10.2668883,0.146879661,12.68012083,22.40500202,#REF!,#REF!,#REF!,#REF!
233,645,55,2880,288,1152,288,1152,12,16.3,29.2,16.3,29.2,29.49724474,1.200504389,17.72742931,9.674018075,0.13839797,16.11978927,20.98633165,#REF!,#REF!,#REF!,#REF!
246,647,55,2880,576,864,576,864,12,20.6,24.9,20.6,24.9,30.54729964,1.238159045,18.72879739,9.528709995,0.13631917,15.58193461,20.20872945,#REF!,#REF!,#REF!,#REF!
280,638,50,2880,288,288,288,2016,12,21.5,21.5,21.5,21.5,32.6446094,1.319831029,21.30471246,6.849714134,0.097993049,25.69073261,17.0694618,#REF!,#REF!,#REF!,#REF!
373,640,50,2880,576,576,1440,288,12,21.5,21.5,21.5,21.5,38.60403318,1.715485102,22.05730051,9.442261566,0.135082426,20.38809146,22.40588605,#REF!,#REF!,#REF!,#REF!
525,636,50,2880,288,288,1152,1152,12,21.5,21.5,21.5,21.5,55.51514164,2.231481994,34.69247572,11.40225239,0.163122352,21.9965034,32.20507829,#REF!,#REF!,#REF!,#REF!
305,69,60,2880,288,288,288,2016,16,27,27,27,27,34.32348665,1.126425215,23.74617058,6.817181319,0.09752763,33.10595863,17.01788782,#REF!,#REF!,#REF!,#REF!
219,54,55,2880,576,864,576,864,16,23.8,27.7,23.8,27.7,27.9044113,1.116060614,17.07779525,9.074937787,0.129827436,13.87271226,18.65256815,#REF!,#REF!,#REF!,#REF!
261,52,55,2880,288,1152,288,1152,16,19.9,31.6,19.9,31.6,31.23583954,1.24761226,18.68549888,9.966819063,0.142586825,16.2006405,23.15688423,#REF!,#REF!,#REF!,#REF!
334,38,50,2880,720,720,720,720,16,24.5,24.5,24.5,24.5,35.99421364,1.431034944,22.22450935,10.43571257,0.149294887,15.32050437,25.34246251,#REF!,#REF!,#REF!,#REF!
411,47,50,2880,576,576,1440,288,16,24.5,24.5,24.5,24.5,41.27001271,1.746148141,24.47207661,9.46456719,0.135401533,23.36441391,23.29730568,#REF!,#REF!,#REF!,#REF!
524,43,50,2880,288,288,1152,1152,16,24.5,24.5,24.5,24.5,55.47960386,2.33152325,33.69916458,11.42402315,0.163433808,24.63690578,32.55962906,#REF!,#REF!,#REF!,#REF!
311,33,60,2880,288,288,288,2016,20,30,30,30,30,34.8308178,1.157095627,23.76229673,7.431954945,0.106322674,31.05413974,17.59790537,#REF!,#REF!,#REF!,#REF!
407,28,60,2880,288,1152,288,1152,20,24,36,24,36,41.08122189,1.480864352,26.93087542,11.36308007,0.162561947,20.09149423,28.05576937,#REF!,#REF!,#REF!,#REF!
521,31,60,2880,288,288,1152,1152,20,30,30,30,30,55.19042971,2.070707631,36.14277223,11.42935635,0.163510105,25.44445344,33.00469066,#REF!,#REF!,#REF!,#REF!
381,18,55,2880,576,864,576,864,20,27,30.5,27,30.5,38.95228413,1.525771381,24.84409548,11.51639958,0.164755359,17.15962035,27.61439229,#REF!,#REF!,#REF!,#REF!
427,23,55,2880,576,576,1440,288,20,28.75,28.75,28.75,28.75,42.70693299,1.765817956,26.31426561,10.27110856,0.146940037,27.79293476,26.16262219,#REF!,#REF!,#REF!,#REF!
424,2,50,2880,720,720,720,720,20,27.5,27.5,27.5,27.5,42.53246717,1.745226782,26.28605327,11.83308261,0.169285874,21.18320721,31.47643983,#REF!,#REF!,#REF!,#REF!
436,352,90,2880,288,1152,288,1152,24,30.6,50.4,30.6,50.4,43.46288459,1.233331925,31.45625996,11.42730793,0.1634808,28.31577282,30.36775352,#REF!,#REF!,#REF!,#REF!
291,285,60,2880,288,288,288,2016,24,33,33,33,33,33.266224,1.138668494,22.69368186,7.299930765,0.104433917,27.5265426,17.89763779,#REF!,#REF!,#REF!,#REF!
455,282,60,2880,576,864,576,864,24,31.2,34.8,31.2,34.8,45.50060347,1.572217819,30.59519769,12.60200071,0.180286133,23.00224866,34.83077631,#REF!,#REF!,#REF!,#REF!
555,283,60,2880,288,288,1152,1152,24,33,33,33,33,62.09054021,2.224859384,41.73266345,12.0704312,0.172681419,28.65525351,33.55892012,#REF!,#REF!,#REF!,#REF!
459,275,55,2880,576,576,1440,288,24,31.75,31.75,31.75,31.75,46.14216823,1.820140746,28.93233289,10.15129436,0.145225957,30.31271726,26.2723829,#REF!,#REF!,#REF!,#REF!
484,265,55,2880,720,720,720,720,24,31.75,31.75,31.75,31.75,49.8578721,1.918482579,32.20429059,13.37768488,0.191383189,24.54997079,34.9142411,#REF!,#REF!,#REF!,#REF!
466,51,100,2880,288,1152,288,1152,28,46,46,46,46,46.69413976,1.100792906,36.22122203,11.20906312,0.160358557,39.09854478,32.41416865,#REF!,#REF!,#REF!,#REF!
505,575,75,2880,576,576,1440,288,28,39.75,39.75,39.75,39.75,52.51631686,1.752977982,36.79047216,12.01122331,0.171834382,36.76079292,32.04270212,#REF!,#REF!,#REF!,#REF!
562,541,65,2880,720,720,720,720,28,37.25,37.25,37.25,37.25,64.33097235,2.146556025,45.11713746,15.64465232,0.223814769,34.15781286,44.13290859,#REF!,#REF!,#REF!,#REF!
338,537,60,2880,288,288,288,2016,28,36,36,36,36,36.21272601,1.128342532,25.64258362,6.961608756,0.099593831,33.90684332,18.19951846,#REF!,#REF!,#REF!,#REF!
570,523,55,2880,288,288,1152,1152,28,34.75,34.75,34.75,34.75,65.77510993,2.331935143,44.4167873,11.40033863,0.163094973,25.51898001,34.22910067,#REF!,#REF!,#REF!,#REF!
532,509,50,2880,576,864,576,864,28,33.5,33.5,33.5,33.5,56.89437007,2.002380011,38.08878695,13.24661375,0.189508065,35.54346218,39.93246812,#REF!,#REF!,#REF!,#REF!
206,196,55,3060,306,1224,306,1224,4,9.1,24.4,9.1,24.4,25.55341957,1.041903771,15.00109013,9.843891071,0.140828198,15.29324864,19.47264052,#REF!,#REF!,#REF!,#REF!
488,199,55,3060,306,306,1224,1224,4,16.75,16.75,16.75,16.75,50.11232544,1.982946783,31.49747526,10.86927507,0.155497497,25.8212004,31.42400856,#REF!,#REF!,#REF!,#REF!
222,186,50,3060,612,918,612,918,4,13.2,17.8,13.2,17.8,28.13829816,1.254897931,16.7333831,9.256759308,0.132428602,13.64658376,19.88427428,#REF!,#REF!,#REF!,#REF!
223,182,50,3060,765,765,765,765,4,15.5,15.5,15.5,15.5,28.16392445,1.238662916,16.16206689,9.476155536,0.135567318,12.30575059,19.76378314,#REF!,#REF!,#REF!,#REF!
234,189,50,3060,306,306,306,2142,4,15.5,15.5,15.5,15.5,29.59262048,1.162223974,18.66515753,6.565513815,0.093927236,25.30806418,16.68496352,#REF!,#REF!,#REF!,#REF!
372,192,50,3060,612,612,1530,306,4,13.2,13.2,27,8.6,38.46355441,1.507534025,23.70695575,12.94667401,0.185217082,21.49173533,26.59956649,#REF!,#REF!,#REF!,#REF!
187,448,55,3060,306,1224,306,1224,8,12.7,26.8,12.7,26.8,23.82927902,1.00064608,13.93024312,9.289771206,0.132900876,14.80692225,17.76474725,#REF!,#REF!,#REF!,#REF!
247,446,55,3060,765,765,765,765,8,19.75,19.75,19.75,19.75,30.58337921,1.222377864,18.81255611,9.815879043,0.140427454,17.43701502,23.17877803,#REF!,#REF!,#REF!,#REF!
281,449,55,3060,612,918,612,918,8,19.75,19.75,19.75,19.75,32.74247702,1.360480998,20.01653284,10.79921416,0.154495195,15.8797268,25.36033446,#REF!,#REF!,#REF!,#REF!
370,455,55,3060,612,612,1530,306,8,19.75,19.75,19.75,19.75,38.21475676,1.597828695,23.01960079,10.25270444,0.146676744,22.87021384,25.03428273,#REF!,#REF!,#REF!,#REF!
240,441,50,3060,306,306,306,2142,8,18.5,18.5,18.5,18.5,30.23640212,1.202985215,19.27603793,6.770449538,0.096859078,24.7451892,16.37481373,#REF!,#REF!,#REF!,#REF!
485,439,50,3060,306,306,1224,1224,8,18.5,18.5,18.5,18.5,49.88755846,2.129124272,29.69743887,11.55366275,0.165288451,24.87517683,31.45388706,#REF!,#REF!,#REF!,#REF!
220,700,55,3060,306,1224,306,1224,12,16.3,29.2,16.3,29.2,27.93845419,1.075820716,17.16151506,9.536806633,0.136435002,15.7454247,19.89712362,#REF!,#REF!,#REF!,#REF!
275,702,55,3060,612,918,612,918,12,20.6,24.9,20.6,24.9,31.96438849,1.348496,19.43329836,10.61325199,0.151834792,14.52686528,24.06137456,#REF!,#REF!,#REF!,#REF!
353,698,55,3060,765,765,765,765,12,22.75,22.75,22.75,22.75,36.75918409,1.484291132,22.75111472,11.14557105,0.15945023,19.40431211,26.64489167,#REF!,#REF!,#REF!,#REF!
420,707,55,3060,612,612,1530,306,12,22.75,22.75,22.75,22.75,42.01356793,1.68998996,26.14262379,9.594389607,0.137258793,26.90486742,25.86588628,#REF!,#REF!,#REF!,#REF!
531,703,55,3060,306,306,1224,1224,12,22.75,22.75,22.75,22.75,56.87301057,2.230546065,36.82196038,11.52060129,0.164815469,26.56790206,32.56596016,#REF!,#REF!,#REF!,#REF!
287,693,50,3060,306,306,306,2142,12,21.5,21.5,21.5,21.5,33.06747213,1.331338967,21.25664001,6.809088688,0.097411855,27.41028358,17.11992282,#REF!,#REF!,#REF!,#REF!
306,954,55,3060,612,918,612,918,16,23.8,27.7,23.8,27.7,34.41587939,1.421335278,20.99874923,11.22664114,0.160610031,16.43268305,26.39755861,#REF!,#REF!,#REF!,#REF!
433,959,55,3060,612,612,1530,306,16,25.75,25.75,25.75,25.75,43.20626672,1.7591049,27.24524425,10.37538707,0.148431861,26.17984156,26.26034847,#REF!,#REF!,#REF!,#REF!
278,945,50,3060,306,306,306,2142,16,24.5,24.5,24.5,24.5,32.57455234,1.27368258,20.8470364,7.069243501,0.10113367,26.19961993,17.53945665,#REF!,#REF!,#REF!,#REF!
342,940,50,3060,306,1224,306,1224,16,19.4,29.6,19.4,29.6,36.33454961,1.45202659,22.11587997,11.08047021,0.158518887,15.87986777,27.4122314,#REF!,#REF!,#REF!,#REF!
414,938,50,3060,765,765,765,765,16,24.5,24.5,24.5,24.5,41.68835955,1.698719579,25.59400727,12.90418944,0.184609291,18.37056978,32.15580979,#REF!,#REF!,#REF!,#REF!
534,943,50,3060,306,306,1224,1224,16,24.5,24.5,24.5,24.5,57.54168078,2.369485346,35.79486292,11.66791575,0.166922972,24.75089642,33.39580083,#REF!,#REF!,#REF!,#REF!
406,36,85,3060,306,1224,306,1224,20,26.5,46,26.5,46,41.00755738,1.209157455,29.33592071,11.16164828,0.159680233,24.80300898,30.69228892,#REF!,#REF!,#REF!,#REF!
483,1214,60,3060,765,765,765,765,20,30,30,30,30,49.66966071,1.802836672,32.74312657,14.7201911,0.210589286,24.06624222,36.90941431,#REF!,#REF!,#REF!,#REF!
538,1207,55,3060,306,306,1224,1224,20,28.75,28.75,28.75,28.75,58.28262387,2.231806054,37.14822389,11.22598267,0.16060061,23.75826857,32.83371246,#REF!,#REF!,#REF!,#REF!
324,1197,50,3060,306,306,306,2142,20,27.5,27.5,27.5,27.5,35.43483861,1.355238819,23.09489806,6.964886556,0.099640723,29.7653561,17.77273875,#REF!,#REF!,#REF!,#REF!
441,1193,50,3060,612,918,612,918,20,27.5,27.5,27.5,27.5,44.16774389,1.608967373,28.58568805,12.08612732,0.17290597,29.00655167,36.09746584,#REF!,#REF!,#REF!,#REF!
445,1199,50,3060,612,612,1530,306,20,27.5,27.5,27.5,27.5,44.66060883,1.929932413,26.32568647,10.57703136,0.151316615,23.69876996,25.89718066,#REF!,#REF!,#REF!,#REF!
443,264,75,3060,306,1224,306,1224,24,29.1,44.4,29.1,44.4,44.36008798,1.401547737,31.27177127,11.81124184,0.168973417,24.84203756,31.1823213,#REF!,#REF!,#REF!,#REF!
456,247,65,3060,612,612,1530,306,24,34.25,34.25,34.25,34.25,45.69515345,1.691142344,30.11832383,11.55245762,0.165271211,27.00536524,29.49887873,#REF!,#REF!,#REF!,#REF!
512,241,65,3060,612,918,612,918,24,34.25,34.25,34.25,34.25,53.24443152,1.755941969,37.03838456,13.98685618,0.200098086,25.71034809,38.17916724,#REF!,#REF!,#REF!,#REF!
309,233,60,3060,306,306,306,2142,24,33,33,33,33,34.63028837,1.154410262,23.57208682,7.498404811,0.107273316,25.96150026,18.02490744,#REF!,#REF!,#REF!,#REF!
517,213,55,3060,765,765,765,765,24,31.75,31.75,31.75,31.75,54.6366583,2.016761097,35.87585936,14.16535267,0.202651683,23.77051269,40.42821741,#REF!,#REF!,#REF!,#REF!
557,207,50,3060,306,306,1224,1224,24,30.5,30.5,30.5,30.5,62.69392951,2.388670662,40.34003202,11.55040825,0.165241892,26.33664297,33.90817929,#REF!,#REF!,#REF!,#REF!
578,574,100,3060,765,765,765,765,28,46,46,46,46,70.2142671,1.842682804,53.29331026,16.95127384,0.242507494,41.65224386,50.47621544,#REF!,#REF!,#REF!,#REF!
516,571,95,3060,612,612,1530,306,28,44.75,44.75,44.75,44.75,54.2726084,1.446124313,41.14734359,12.19069222,0.174401892,45.88387751,35.73669333,#REF!,#REF!,#REF!,#REF!
377,485,60,3060,306,306,306,2142,28,36,36,36,36,38.69939487,1.24286914,27.36509445,7.421181806,0.106168552,33.77131688,18.73035141,#REF!,#REF!,#REF!,#REF!
473,479,60,3060,306,1224,306,1224,28,36,36,36,36,47.8104592,1.510407035,33.60791097,11.44020875,0.163665361,34.76071573,32.45771304,#REF!,#REF!,#REF!,#REF!
542,457,50,3060,612,918,612,918,28,33.5,33.5,33.5,33.5,59.05586067,2.056962506,39.17992068,13.65319715,0.195324709,32.56194573,42.52843632,#REF!,#REF!,#REF!,#REF!
576,459,50,3060,306,306,1224,1224,28,33.5,33.5,33.5,33.5,67.34642941,2.418994894,44.73034995,11.48295107,0.164276839,33.6864293,34.20538055,#REF!,#REF!,#REF!,#REF!
276,722,55,3240,648,972,648,972,4,14.2,19.3,14.2,19.3,32.33388098,1.325390899,19.43029368,11.89040621,0.170105954,16.64111139,26.788945,#REF!,#REF!,#REF!,#REF!
404,727,55,3240,648,648,1620,324,4,16.75,16.75,16.75,16.75,40.96332216,1.725039922,24.81663687,10.46392801,0.149698541,29.16980775,26.99280495,#REF!,#REF!,#REF!,#REF!
228,708,50,3240,324,1296,324,1296,4,8.6,22.4,8.6,22.4,29.12384294,1.244669522,16.32997729,9.615682591,0.137563413,15.83273048,22.01765921,#REF!,#REF!,#REF!,#REF!
235,713,50,3240,324,324,324,2268,4,15.5,15.5,15.5,15.5,29.9821004,1.212105584,18.97115256,6.944483322,0.099348832,23.00158832,17.48747408,#REF!,#REF!,#REF!,#REF!
336,706,50,3240,810,810,810,810,4,15.5,15.5,15.5,15.5,36.12598635,1.556563584,21.35371856,12.15173091,0.173844505,17.22258554,27.3047974,#REF!,#REF!,#REF!,#REF!
486,711,50,3240,324,324,1296,1296,4,15.5,15.5,15.5,15.5,49.95262287,2.114717048,30.67733492,11.1640726,0.159714916,23.31817452,32.24069397,#REF!,#REF!,#REF!,#REF!
253,989,60,3240,324,324,324,2268,8,21,21,21,21,30.87963648,1.065457158,20.87211989,7.5707567,0.108308393,23.883832,17.77313638,#REF!,#REF!,#REF!,#REF!
255,972,55,3240,324,1296,324,1296,8,12.7,26.8,12.7,26.8,30.92062585,1.233060608,18.89726198,11.3645784,0.162583382,14.77421927,24.24031841,#REF!,#REF!,#REF!,#REF!
348,974,55,3240,648,972,648,972,8,17.4,22.1,17.4,22.1,36.61384728,1.510927763,22.02011588,12.76892866,0.18267423,16.53889467,30.76154981,#REF!,#REF!,#REF!,#REF!
412,979,55,3240,648,648,1620,324,8,19.75,19.75,19.75,19.75,41.27861136,1.700549056,25.40161749,10.69291701,0.152974492,26.39933816,27.63517296,#REF!,#REF!,#REF!,#REF!
339,957,50,3240,810,810,810,810,8,18.5,18.5,18.5,18.5,36.29337575,1.566811874,20.96853662,12.12051458,0.17339792,14.46007938,28.13636071,#REF!,#REF!,#REF!,#REF!
513,963,50,3240,324,324,1296,1296,8,18.5,18.5,18.5,18.5,53.48312841,2.262828115,32.90167108,11.384728,0.162871645,27.20367813,32.44676322,#REF!,#REF!,#REF!,#REF!
248,1241,60,3240,324,324,324,2268,12,24,24,24,24,30.60195463,1.059638632,20.35000304,7.559741308,0.108150806,22.81685358,17.45294524,#REF!,#REF!,#REF!,#REF!
421,1226,55,3240,648,972,648,972,12,20.6,24.9,20.6,24.9,42.06590422,1.697163557,26.72529216,12.96561186,0.185488009,21.25480638,33.45313779,#REF!,#REF!,#REF!,#REF!
435,1231,55,3240,648,648,1620,324,12,22.75,22.75,22.75,22.75,43.31128725,1.742075661,27.34227747,10.89664911,0.155889115,27.71501591,28.22323246,#REF!,#REF!,#REF!,#REF!
347,1212,50,3240,324,1296,324,1296,12,15.8,27.2,15.8,27.2,36.54619812,1.529153673,22.04996767,11.27780944,0.161342052,15.7961788,28.95547491,#REF!,#REF!,#REF!,#REF!
451,1209,50,3240,810,810,810,810,12,21.5,21.5,21.5,21.5,45.11045307,1.85733742,27.89396625,13.4459398,0.192359654,21.94870368,36.06042293,#REF!,#REF!,#REF!,#REF!
501,1215,50,3240,324,324,1296,1296,12,21.5,21.5,21.5,21.5,52.11584665,2.125422554,32.39461484,11.5328724,0.164991022,21.47067066,32.10282271,#REF!,#REF!,#REF!,#REF!
300,1493,60,3240,324,324,324,2268,16,27,27,27,27,33.83008296,1.184792004,22.78677984,7.520990235,0.107596427,27.31087892,17.93989844,#REF!,#REF!,#REF!,#REF!
383,1476,55,3240,324,1296,324,1296,16,19.9,31.6,19.9,31.6,39.21562555,1.484113359,24.74343506,11.76402714,0.168297956,18.56663997,28.56149748,#REF!,#REF!,#REF!,#REF!
462,1478,55,3240,648,972,648,972,16,23.8,27.7,23.8,27.7,46.31314126,1.770784116,29.72475531,13.96179245,0.19973952,20.54011351,36.77922284,#REF!,#REF!,#REF!,#REF!
465,1471,50,3240,648,648,1620,324,16,24.5,24.5,24.5,24.5,46.64752593,1.933761282,28.62012266,11.07893341,0.158496901,24.31789365,27.98085351,#REF!,#REF!,#REF!,#REF!
506,1462,50,3240,810,810,810,810,16,24.5,24.5,24.5,24.5,52.57432733,2.075010822,32.66161575,14.9586968,0.214001385,21.08378998,43.01768187,#REF!,#REF!,#REF!,#REF!
540,1467,50,3240,324,324,1296,1296,16,24.5,24.5,24.5,24.5,58.5347621,2.3462767,37.54034774,11.75380331,0.168151693,26.84183937,33.73715866,#REF!,#REF!,#REF!,#REF!
543,1755,65,3240,324,324,1296,1296,20,31.25,31.25,31.25,31.25,59.75720445,1.989251956,41.19266169,12.35949553,0.176816817,29.00870213,33.84314208,#REF!,#REF!,#REF!,#REF!
467,1747,60,3240,648,648,1620,324,20,30,30,30,30,46.77023058,1.765162978,30.23890062,11.23928404,0.160790902,27.06171699,28.74667113,#REF!,#REF!,#REF!,#REF!
482,1729,55,3240,648,972,648,972,20,28.75,28.75,28.75,28.75,49.21550997,1.85247752,32.25486715,13.80680404,0.197522232,23.68595152,38.57742148,#REF!,#REF!,#REF!,#REF!
539,1726,55,3240,810,810,810,810,20,28.75,28.75,28.75,28.75,58.40084742,2.277961303,37.94624233,16.18199334,0.231502051,23.45333018,45.67393173,#REF!,#REF!,#REF!,#REF!
277,1721,50,3240,324,324,324,2268,20,27.5,27.5,27.5,27.5,32.52986416,1.256925095,20.934035,7.30487389,0.104504634,24.64643631,18.05858843,#REF!,#REF!,#REF!,#REF!
430,1715,50,3240,324,1296,324,1296,20,27.5,27.5,27.5,27.5,42.94215189,1.545587576,28.31987208,10.71471644,0.153286358,32.07311679,31.1259873,#REF!,#REF!,#REF!,#REF!
498,2011,65,3240,648,648,1620,324,24,34.25,34.25,34.25,34.25,51.33820379,1.862144731,34.49884216,12.13431899,0.173595408,36.74658751,31.28587327,#REF!,#REF!,#REF!,#REF!
438,1991,60,3240,324,1296,324,1296,24,33,33,33,33,43.87568649,1.36963282,30.85439263,10.98865254,0.15720533,36.02529205,31.53332253,#REF!,#REF!,#REF!,#REF!
522,1981,55,3240,648,972,648,972,24,31.75,31.75,31.75,31.75,55.43739997,1.937128925,37.24621426,14.12506003,0.202075251,27.38404031,40.7075178,#REF!,#REF!,#REF!,#REF!
556,1983,55,3240,324,324,1296,1296,24,31.75,31.75,31.75,31.75,62.54056479,2.333492958,40.33418845,11.32789354,0.162058563,26.9429948,33.31098271,#REF!,#REF!,#REF!,#REF!
574,1977,55,3240,810,810,810,810,24,31.75,31.75,31.75,31.75,66.61976978,2.547999774,43.22197629,17.15922469,0.24548247,27.97114721,50.18510895,#REF!,#REF!,#REF!,#REF!
329,1973,50,3240,324,324,324,2268,24,30.5,30.5,30.5,30.5,35.67851976,1.267722218,23.60507997,6.984162179,0.099916483,30.0106925,18.42843965,#REF!,#REF!,#REF!,#REF!
585,2278,75,3240,810,810,810,810,28,39.75,39.75,39.75,39.75,78.83718074,2.431914798,56.97384592,18.74638113,0.268188571,36.05146437,57.53784753,#REF!,#REF!,#REF!,#REF!
533,2275,70,3240,648,648,1620,324,28,38.5,38.5,38.5,38.5,57.16081739,1.893118648,39.76198652,12.36344137,0.176873267,32.20229885,34.45047319,#REF!,#REF!,#REF!,#REF!
552,2269,70,3240,648,972,648,972,28,38.5,38.5,38.5,38.5,61.82271899,1.805938061,44.8735165,13.41149044,0.191866816,33.58569434,42.19306147,#REF!,#REF!,#REF!,#REF!
360,2249,60,3240,324,324,324,2268,28,36,36,36,36,37.53840956,1.23374385,26.12917573,7.870978435,0.112603411,30.38130638,19.30901757,#REF!,#REF!,#REF!,#REF!
461,2243,60,3240,324,1296,324,1296,28,36,36,36,36,46.30974011,1.481273818,32.32827072,11.56628216,0.165468986,35.30370211,31.2872042,#REF!,#REF!,#REF!,#REF!
563,2235,55,3240,324,324,1296,1296,28,34.75,34.75,34.75,34.75,64.43414522,2.400556297,42.93379789,11.97099484,0.171258868,32.25548616,33.87627841,#REF!,#REF!,#REF!,#REF!
333,2498,60,3420,684,1026,684,1026,4,15.2,20.8,15.2,20.8,35.98229186,1.402332985,22.61282781,11.88188363,0.169984029,17.8216382,29.09515956,#REF!,#REF!,#REF!,#REF!
238,2484,55,3420,342,1368,342,1368,4,9.1,24.4,9.1,24.4,30.16966121,1.193731473,17.67698933,11.0270092,0.157754066,14.68615806,24.41648126,#REF!,#REF!,#REF!,#REF!
507,2487,55,3420,342,342,1368,1368,4,16.75,16.75,16.75,16.75,52.63649805,2.070388076,33.08870205,11.75884159,0.168223771,23.34047637,32.29938641,#REF!,#REF!,#REF!,#REF!
230,2477,50,3420,342,342,342,2394,4,15.5,15.5,15.5,15.5,29.39400638,1.105884614,19.01724998,7.183590755,0.102769539,23.31081865,17.28202614,#REF!,#REF!,#REF!,#REF!
385,2479,50,3420,684,684,1710,342,4,15.5,15.5,15.5,15.5,39.33260938,1.765473693,22.65610981,10.66084221,0.152515625,21.23225456,25.97205118,#REF!,#REF!,#REF!,#REF!
394,2470,50,3420,855,855,855,855,4,15.5,15.5,15.5,15.5,39.94037773,1.740353799,23.27987872,13.15071477,0.18813612,18.27197134,34.12840552,#REF!,#REF!,#REF!,#REF!
263,2736,55,3420,342,1368,342,1368,8,12.7,26.8,12.7,26.8,31.27928888,1.24007569,18.49817334,11.42452435,0.163440978,15.58340172,25.53631264,#REF!,#REF!,#REF!,#REF!
236,2729,50,3420,342,342,342,2394,8,18.5,18.5,18.5,18.5,30.01780344,1.125562077,19.739101,7.002875701,0.100184202,24.03703863,17.59059415,#REF!,#REF!,#REF!,#REF!
374,2726,50,3420,684,1026,684,1026,8,16.4,20.6,16.4,20.6,38.6279565,1.656590097,22.95220457,13.14149872,0.188004273,14.86483172,32.96346193,#REF!,#REF!,#REF!,#REF!
410,2731,50,3420,684,684,1710,342,8,18.5,18.5,18.5,18.5,41.2370015,1.815356486,24.14914945,10.5706801,0.151225753,22.0531603,25.93080997,#REF!,#REF!,#REF!,#REF!
487,2721,50,3420,855,855,855,855,8,18.5,18.5,18.5,18.5,49.9694851,2.085216812,30.73568432,15.62341005,0.223510873,18.74826022,41.38135961,#REF!,#REF!,#REF!,#REF!
490,2727,50,3420,342,342,1368,1368,8,18.5,18.5,18.5,18.5,50.66326357,2.090656068,31.27900415,11.29224658,0.161548592,20.16678418,32.41151714,#REF!,#REF!,#REF!,#REF!
450,2995,55,3420,684,684,1710,342,12,22.75,22.75,22.75,22.75,45.10467007,1.799638091,28.51476642,12.10177588,0.173129841,26.77222065,30.90156129,#REF!,#REF!,#REF!,#REF!
504,2985,55,3420,855,855,855,855,12,22.75,22.75,22.75,22.75,52.46582689,2.090013383,33.6492851,15.74969912,0.225317584,23.93828813,43.72606416,#REF!,#REF!,#REF!,#REF!
232,2981,50,3420,342,342,342,2394,12,21.5,21.5,21.5,21.5,29.46499592,1.090156972,19.04111146,6.927833573,0.099110638,22.93282678,17.62897492,#REF!,#REF!,#REF!,#REF!
366,2976,50,3420,342,1368,342,1368,12,15.8,27.2,15.8,27.2,37.95975303,1.503757975,23.24106718,11.24187822,0.160828015,15.7464848,28.9831076,#REF!,#REF!,#REF!,#REF!
472,2978,50,3420,684,1026,684,1026,12,19.6,23.4,19.6,23.4,47.6321984,1.880095304,29.70665312,14.07347995,0.201337338,17.40649809,39.44294151,#REF!,#REF!,#REF!,#REF!
511,2979,50,3420,342,342,1368,1368,12,21.5,21.5,21.5,21.5,53.16852554,2.160495783,32.39833237,11.78484278,0.168595748,21.31438305,33.15621367,#REF!,#REF!,#REF!,#REF!
536,236,60,3420,342,342,1368,1368,16,27,27,27,27,57.73071372,2.105929209,38.15351293,12.13783743,0.173645743,29.65066545,34.14327549,#REF!,#REF!,#REF!,#REF!
454,228,55,3420,684,684,1710,342,16,25.75,25.75,25.75,25.75,45.41949125,1.854336517,28.00866136,11.68557876,0.167175662,26.71303791,30.66464242,#REF!,#REF!,#REF!,#REF!
549,218,55,3420,855,855,855,855,16,25.75,25.75,25.75,25.75,60.5625827,2.372559542,38.75408621,17.45120762,0.249659623,24.46594729,50.2210778,#REF!,#REF!,#REF!,#REF!
250,214,50,3420,342,342,342,2394,16,24.5,24.5,24.5,24.5,30.67202016,1.093000468,20.40486365,6.75517909,0.096640616,25.81629834,17.46123524,#REF!,#REF!,#REF!,#REF!
387,208,50,3420,342,1368,342,1368,16,24.5,24.5,24.5,24.5,39.47067526,1.470943891,25.89752256,11.02206157,0.157683284,29.43475074,30.56168139,#REF!,#REF!,#REF!,#REF!
478,210,50,3420,684,1026,684,1026,16,24.5,24.5,24.5,24.5,48.42906737,1.811769873,31.47470205,13.66646788,0.195514562,27.78854082,39.25983875,#REF!,#REF!,#REF!,#REF!
418,497,65,3420,342,1368,342,1368,20,24.5,38,24.5,38,41.89977863,1.447709967,28.13117135,11.9904029,0.171536522,23.83993145,31.19745219,#REF!,#REF!,#REF!,#REF!
503,492,60,3420,684,684,1710,342,20,30,30,30,30,52.30330185,1.985429704,33.94924362,12.86539674,0.184054317,27.47325693,32.55381097,#REF!,#REF!,#REF!,#REF!
259,466,50,3420,342,342,342,2394,20,27.5,27.5,27.5,27.5,31.10254069,1.131870659,20.52402579,7.209905635,0.103146003,23.58683271,17.74710008,#REF!,#REF!,#REF!,#REF!
500,462,50,3420,684,1026,684,1026,20,27.5,27.5,27.5,27.5,51.77533128,1.934658687,33.58489642,14.11159181,0.201882572,26.09475243,41.29566229,#REF!,#REF!,#REF!,#REF!
544,464,50,3420,342,342,1368,1368,20,27.5,27.5,27.5,27.5,59.88114362,2.348057723,38.02420447,11.71223104,0.167556953,23.87665838,33.66356896,#REF!,#REF!,#REF!,#REF!
577,458,50,3420,855,855,855,855,20,27.5,27.5,27.5,27.5,67.88140005,2.594598524,44.03079652,16.66278758,0.238380366,28.0733955,52.96813897,#REF!,#REF!,#REF!,#REF!
583,46,85,3420,855,855,855,855,24,39.25,39.25,39.25,39.25,78.11010505,2.228584326,57.69742614,18.05163231,0.258249389,44.0656869,53.74011264,#REF!,#REF!,#REF!,#REF!
566,16,70,3420,342,342,1368,1368,24,35.5,35.5,35.5,35.5,64.75525319,1.979437526,46.33001174,12.04875322,0.172371291,29.76344654,35.52976374,#REF!,#REF!,#REF!,#REF!
322,742,60,3420,342,342,342,2394,24,33,33,33,33,35.21827636,1.159697926,24.34575929,7.670187796,0.10973087,31.08970335,19.3134205,#REF!,#REF!,#REF!,#REF!
457,736,60,3420,342,1368,342,1368,24,33,33,33,33,45.79202296,1.434254914,31.90692629,11.72661643,0.167762753,33.46340812,32.07263952,#REF!,#REF!,#REF!,#REF!
526,732,55,3420,684,684,1710,342,24,31.75,31.75,31.75,31.75,55.95788239,2.163538131,36.01221119,13.52641662,0.193510967,32.73506316,37.01728615,#REF!,#REF!,#REF!,#REF!
565,726,55,3420,684,1026,684,1026,24,31.75,31.75,31.75,31.75,64.52354678,2.258045176,44.19673474,15.25375559,0.218222541,26.77933277,46.705262,#REF!,#REF!,#REF!,#REF!
586,311,90,3420,855,855,855,855,28,43.5,43.5,43.5,43.5,82.29203186,2.224307432,61.63170037,17.64434629,0.252422694,46.21211219,58.17234695,#REF!,#REF!,#REF!,#REF!
551,260,65,3420,684,684,1710,342,28,37.25,37.25,37.25,37.25,61.73791852,2.05824271,42.46435216,13.74372882,0.196619869,40.82181916,40.68878446,#REF!,#REF!,#REF!,#REF!
358,246,60,3420,342,342,342,2394,28,36,36,36,36,37.3047228,1.197466951,26.02730341,7.507348524,0.107401266,34.06665107,20.00002783,#REF!,#REF!,#REF!,#REF!
476,240,60,3420,342,1368,342,1368,28,36,36,36,36,48.01891247,1.45191869,33.70876802,11.66412655,0.166868763,34.9393512,33.02107641,#REF!,#REF!,#REF!,#REF!
567,244,60,3420,342,342,1368,1368,28,36,36,36,36,64.86871779,2.201448012,43.47599684,11.97205645,0.171274055,27.44089931,35.20491546,#REF!,#REF!,#REF!,#REF!
579,230,55,3420,684,1026,684,1026,28,34.75,34.75,34.75,34.75,70.28942581,2.300904336,49.00321701,15.98107967,0.228627749,29.19852724,49.30534068,#REF!,#REF!,#REF!,#REF!
292,481,55,3600,360,1440,360,1440,4,9.1,24.4,9.1,24.4,33.4275322,1.331649013,20.14040089,12.11703713,0.173348171,17.03520675,27.84945089,#REF!,#REF!,#REF!,#REF!
453,478,55,3600,900,900,900,900,4,16.75,16.75,16.75,16.75,45.25942713,1.864077623,27.8478402,15.06669821,0.215546469,19.41617875,40.37748131,#REF!,#REF!,#REF!,#REF!
479,484,55,3600,360,360,1440,1440,4,16.75,16.75,16.75,16.75,48.73412988,1.982836782,30.05087375,11.84316479,0.169430111,22.51173867,32.10522247,#REF!,#REF!,#REF!,#REF!
224,474,50,3600,360,360,360,2520,4,15.5,15.5,15.5,15.5,28.44761968,1.163605516,17.55865984,7.007734225,0.100253709,20.28586282,16.83342225,#REF!,#REF!,#REF!,#REF!
395,476,50,3600,720,720,1800,360,4,15.5,15.5,15.5,15.5,40.05348159,1.779335324,23.19855195,10.70300403,0.153118799,24.01041447,27.22017425,#REF!,#REF!,#REF!,#REF!
425,470,50,3600,720,1080,720,1080,4,15.5,15.5,15.5,15.5,42.54508766,1.718432965,26.46174164,13.88044641,0.198575771,24.40955283,37.46032832,#REF!,#REF!,#REF!,#REF!
337,733,55,3600,360,1440,360,1440,8,12.7,26.8,12.7,26.8,36.14629355,1.42032998,21.96715377,12.61882055,0.18052676,17.71313302,29.30114899,#REF!,#REF!,#REF!,#REF!
413,740,55,3600,720,720,1800,360,8,19.75,19.75,19.75,19.75,41.29864157,1.719333445,24.79786266,11.64745447,0.16663025,24.97330896,30.04305791,#REF!,#REF!,#REF!,#REF!
493,736,55,3600,360,360,1440,1440,8,19.75,19.75,19.75,19.75,50.7472408,2.089175114,31.34115683,11.53153377,0.164971871,22.84251436,34.05912774,#REF!,#REF!,#REF!,#REF!
229,726,50,3600,360,360,360,2520,8,18.5,18.5,18.5,18.5,29.1597343,1.163795182,18.42741045,6.920490796,0.099005591,24.38637937,17.49110597,#REF!,#REF!,#REF!,#REF!
477,722,50,3600,720,1080,720,1080,8,18.5,18.5,18.5,18.5,48.30752412,1.914724495,30.5975439,14.49087093,0.207308597,24.94059963,40.64011311,#REF!,#REF!,#REF!,#REF!
494,718,50,3600,900,900,900,900,8,18.5,18.5,18.5,18.5,51.1300543,2.097819929,31.49487147,16.58893583,0.237323832,18.91734158,46.59170042,#REF!,#REF!,#REF!,#REF!
231,1002,60,3600,360,360,360,2520,12,24,24,24,24,29.42474186,0.981150925,19.86997221,7.295292952,0.104367567,24.29354718,18.11894198,#REF!,#REF!,#REF!,#REF!
559,982,55,3600,900,900,900,900,12,22.75,22.75,22.75,22.75,63.13680665,2.330027639,41.48012361,17.69599935,0.25316165,23.64051601,52.13393395,#REF!,#REF!,#REF!,#REF!
393,972,50,3600,360,1440,360,1440,12,21.5,21.5,21.5,21.5,39.8461752,1.525943919,25.5390837,11.1844354,0.160006229,29.2623168,31.23775522,#REF!,#REF!,#REF!,#REF!
471,980,50,3600,720,720,1800,360,12,21.5,21.5,21.5,21.5,47.62060052,2.014207771,29.11925786,12.06088406,0.172544836,25.44748542,31.68490468,#REF!,#REF!,#REF!,#REF!
480,974,50,3600,720,1080,720,1080,12,21.5,21.5,21.5,21.5,49.08194309,1.946687589,30.53339129,15.20420307,0.217513635,23.60270795,41.25804925,#REF!,#REF!,#REF!,#REF!
497,976,50,3600,360,360,1440,1440,12,21.5,21.5,21.5,21.5,51.33584446,2.181240803,30.70749882,11.90729536,0.170347573,19.36451841,32.6699563,#REF!,#REF!,#REF!,#REF!
575,1258,65,3600,900,900,900,900,16,28.25,28.25,28.25,28.25,66.81023076,2.368103033,45.6040057,17.96953128,0.257074839,36.02475643,52.88949464,#REF!,#REF!,#REF!,#REF!
408,1248,60,3600,360,1440,360,1440,16,27,27,27,27,41.13116585,1.363318522,28.23356169,11.47166805,0.164115423,30.58712843,31.03299065,#REF!,#REF!,#REF!,#REF!
475,1244,55,3600,720,720,1800,360,16,25.75,25.75,25.75,25.75,47.98274121,1.98404328,29.55012346,12.22785004,0.174933477,29.80541792,33.30737983,#REF!,#REF!,#REF!,#REF!
523,1240,55,3600,360,360,1440,1440,16,25.75,25.75,25.75,25.75,55.44325892,2.162649231,35.69510277,11.92366973,0.170581827,25.24071886,34.12087099,#REF!,#REF!,#REF!,#REF!
266,1230,50,3600,360,360,360,2520,16,24.5,24.5,24.5,24.5,31.4008578,1.214330449,20.12959991,7.404908592,0.105935745,26.18815023,17.97452695,#REF!,#REF!,#REF!,#REF!
492,1226,50,3600,720,1080,720,1080,16,24.5,24.5,24.5,24.5,50.72890792,1.959606116,32.50087381,14.48497614,0.207224265,26.23904836,41.24974859,#REF!,#REF!,#REF!,#REF!
546,1514,65,3600,720,1080,720,1080,20,31.25,31.25,31.25,31.25,60.19943853,1.989622205,41.61346801,16.19654,0.231710157,22.92623232,47.3109816,#REF!,#REF!,#REF!,#REF!
581,1510,65,3600,900,900,900,900,20,31.25,31.25,31.25,31.25,72.06171893,2.4218084,50.14514283,18.30952997,0.261938912,35.63600906,55.20452764,#REF!,#REF!,#REF!,#REF!
428,1488,55,3600,360,1440,360,1440,20,28.75,28.75,28.75,28.75,42.79876534,1.487907621,28.63170052,10.83895504,0.155063734,28.34737046,30.69153792,#REF!,#REF!,#REF!,#REF!
514,1496,55,3600,720,720,1800,360,20,28.75,28.75,28.75,28.75,53.61574329,2.091802254,33.80929271,13.07162286,0.187004619,32.67987346,36.73845285,#REF!,#REF!,#REF!,#REF!
528,1492,55,3600,360,360,1440,1440,20,28.75,28.75,28.75,28.75,56.33585315,2.206018637,36.31005149,11.98477215,0.171455968,27.56968568,34.33967668,#REF!,#REF!,#REF!,#REF!
289,1482,50,3600,360,360,360,2520,20,27.5,27.5,27.5,27.5,33.18805645,1.244187137,21.85229954,7.025188704,0.100503415,28.13529598,17.83554143,#REF!,#REF!,#REF!,#REF!
584,1763,65,3600,900,900,900,900,24,34.25,34.25,34.25,34.25,78.83504261,2.629032058,55.23075282,19.29932241,0.276099033,31.36231884,60.48477125,#REF!,#REF!,#REF!,#REF!
283,1758,60,3600,360,360,360,2520,24,33,33,33,33,32.93130702,1.076064056,22.7102927,7.436608132,0.106389244,26.56941482,19.00399064,#REF!,#REF!,#REF!,#REF!
448,1752,60,3600,360,1440,360,1440,24,33,33,33,33,44.99035419,1.381775376,31.34736646,11.56901225,0.165508044,35.67349161,32.48265948,#REF!,#REF!,#REF!,#REF!
548,1760,60,3600,720,720,1800,360,24,33,33,33,33,60.56174988,2.268646563,39.49914888,14.59893739,0.208854612,34.38851569,39.3274466,#REF!,#REF!,#REF!,#REF!
550,1756,60,3600,360,360,1440,1440,24,33,33,33,33,60.88856515,2.240395257,40.48303116,12.84627125,0.183780705,26.38595988,35.02173784,#REF!,#REF!,#REF!,#REF!
572,1730,50,3600,720,1080,720,1080,24,30.5,30.5,30.5,30.5,66.31739288,2.402758309,44.01433799,15.88534354,0.227258134,28.29068108,50.33147455,#REF!,#REF!,#REF!,#REF!
582,2030,70,3600,720,1080,720,1080,28,38.5,38.5,38.5,38.5,77.32247653,2.218908211,57.56463919,16.46464569,0.235545718,36.22760511,51.69709498,#REF!,#REF!,#REF!,#REF!
569,2024,65,3600,720,720,1800,360,28,37.25,37.25,37.25,37.25,65.30005635,2.222227792,45.50325113,14.26079985,0.204017165,43.69582524,41.51862638,#REF!,#REF!,#REF!,#REF!
587,2014,65,3600,900,900,900,900,28,37.25,37.25,37.25,37.25,82.5800027,2.682245026,57.82005444,19.17801473,0.274363587,35.81125041,59.57516823,#REF!,#REF!,#REF!,#REF!
317,2010,60,3600,360,360,360,2520,28,36,36,36,36,35.02728276,1.157762068,24.11901088,7.494394026,0.107215937,29.65525384,19.24095648,#REF!,#REF!,#REF!,#REF!
468,2004,60,3600,360,1440,360,1440,28,36,36,36,36,46.93998321,1.402180563,33.08824936,11.17309008,0.159843921,36.44177021,32.53653246,#REF!,#REF!,#REF!,#REF!
561,1984,50,3600,360,360,1440,1440,28,33.5,33.5,33.5,33.5,63.95021686,2.499405551,41.07049834,11.94661266,0.170910052,28.84843938,35.38299329,#REF!,#REF!,#REF!,#REF!
